test_position,true_class,k,baseline_probability,SHAP_topk_probability_after_masking,Random_topk_probability_after_masking,SHAP_probability_drop,Random_probability_drop
198,0,1,0.002797864144667983,0.047725215554237366,0.002797864144667983,-0.04492735140956938,0.0
198,0,3,0.002797864144667983,0.7854021191596985,0.047725215554237366,-0.7826042550150305,-0.04492735140956938
198,0,5,0.002797864144667983,0.9654397964477539,0.00808226503431797,-0.9626419323030859,-0.005284400889649987
198,0,10,0.002797864144667983,0.9849933385848999,0.010694131255149841,-0.9821954744402319,-0.007896267110481858
227,0,1,0.006541811861097813,0.9001682996749878,0.006541811861097813,-0.89362648781389,0.0
227,0,3,0.006541811861097813,0.9880462884902954,0.013476635329425335,-0.9815044766291976,-0.006934823468327522
227,0,5,0.006541811861097813,0.9920550584793091,0.4405607581138611,-0.9855132466182113,-0.43401894625276327
227,0,10,0.006541811861097813,0.9947716593742371,0.07398354262113571,-0.9882298475131392,-0.0674417307600379
298,1,1,0.9967701435089111,0.9967701435089111,0.9958166480064392,0.0,0.0009534955024719238
298,1,3,0.9967701435089111,0.9708985090255737,0.9978601336479187,0.025871634483337402,-0.0010899901390075684
298,1,5,0.9967701435089111,0.9579038023948669,0.9961129426956177,0.03886634111404419,0.000657200813293457
298,1,10,0.9967701435089111,0.7530502676963806,0.9944077730178833,0.24371987581253052,0.002362370491027832
544,1,1,0.9934806823730469,0.9934806823730469,0.9884449243545532,0.0,0.005035758018493652
544,1,3,0.9934806823730469,0.9236429929733276,0.9939185380935669,0.06983768939971924,-0.00043785572052001953
544,1,5,0.9934806823730469,0.8475247621536255,0.9894354343414307,0.1459559202194214,0.004045248031616211
544,1,10,0.9934806823730469,0.9156083464622498,0.9699224233627319,0.07787233591079712,0.02355825901031494
794,1,1,0.9996023774147034,0.9996023774147034,0.9995100498199463,0.0,9.232759475708008e-05
794,1,3,0.9996023774147034,0.9882948398590088,0.9994161128997803,0.01130753755569458,0.0001862645149230957
794,1,5,0.9996023774147034,0.8713381886482239,0.9995241165161133,0.1282641887664795,7.826089859008789e-05
794,1,10,0.9996023774147034,0.9210120439529419,0.9994275569915771,0.07859033346176147,0.0001748204231262207
826,1,1,0.48415857553482056,0.48415857553482056,0.5240001678466797,0.0,-0.03984159231185913
826,1,3,0.48415857553482056,0.7315524220466614,0.48415857553482056,-0.24739384651184082,0.0
826,1,5,0.48415857553482056,0.7125594019889832,0.42059212923049927,-0.2284008264541626,0.06356644630432129
826,1,10,0.48415857553482056,0.7168006896972656,0.6904342174530029,-0.23264211416244507,-0.20627564191818237
1199,1,1,0.9989233613014221,0.9989233613014221,0.9985906481742859,0.0,0.00033271312713623047
1199,1,3,0.9989233613014221,0.9857446551322937,0.9976370334625244,0.013178706169128418,0.001286327838897705
1199,1,5,0.9989233613014221,0.985267162322998,0.9981022477149963,0.013656198978424072,0.0008211135864257812
1199,1,10,0.9989233613014221,0.8682862520217896,0.9977273344993591,0.13063710927963257,0.0011960268020629883
1467,1,1,0.9969919919967651,0.9969919919967651,0.9969919919967651,0.0,0.0
1467,1,3,0.9969919919967651,0.9171538352966309,0.9986593723297119,0.07983815670013428,-0.0016673803329467773
1467,1,5,0.9969919919967651,0.7792127132415771,0.9937122464179993,0.217779278755188,0.003279745578765869
1467,1,10,0.9969919919967651,0.23966120183467865,0.9983017444610596,0.7573307901620865,-0.0013097524642944336
1719,1,1,0.9997847676277161,0.9997847676277161,0.9885722398757935,0.0,0.011212527751922607
1719,1,3,0.9997847676277161,0.9446234107017517,0.9885722398757935,0.055161356925964355,0.011212527751922607
1719,1,5,0.9997847676277161,0.8520210981369019,0.9965817332267761,0.1477636694908142,0.0032030344009399414
1719,1,10,0.9997847676277161,0.8603271842002869,0.997308611869812,0.1394575834274292,0.0024761557579040527
2333,1,1,0.9982977509498596,0.9982977509498596,0.9982977509498596,0.0,0.0
2333,1,3,0.9982977509498596,0.9788500666618347,0.9982977509498596,0.019447684288024902,0.0
2333,1,5,0.9982977509498596,0.9788500666618347,0.998176097869873,0.019447684288024902,0.00012165307998657227
2333,1,10,0.9982977509498596,0.9766327142715454,0.9963447451591492,0.02166503667831421,0.0019530057907104492
2371,1,1,0.9994118213653564,0.9991816878318787,0.9994118213653564,0.0002301335334777832,0.0
2371,1,3,0.9994118213653564,0.996867835521698,0.9971644282341003,0.0025439858436584473,0.0022473931312561035
2371,1,5,0.9994118213653564,0.9886596202850342,0.996212363243103,0.010752201080322266,0.003199458122253418
2371,1,10,0.9994118213653564,0.9269528388977051,0.9986680746078491,0.07245898246765137,0.0007437467575073242
3191,1,1,0.9999771118164062,0.99906986951828,0.9999771118164062,0.0009072422981262207,0.0
3191,1,3,0.9999771118164062,0.9911109209060669,0.9999771118164062,0.008866190910339355,0.0
3191,1,5,0.9999771118164062,0.9009793400764465,0.9999463558197021,0.09899777173995972,3.075599670410156e-05
3191,1,10,0.9999771118164062,0.870927095413208,0.9917879700660706,0.12905001640319824,0.008189141750335693
3280,1,1,0.9967710375785828,0.9823071360588074,0.9967710375785828,0.01446390151977539,0.0
3280,1,3,0.9967710375785828,0.9970128536224365,0.9916988611221313,-0.00024181604385375977,0.005072176456451416
3280,1,5,0.9967710375785828,0.9925732612609863,0.9967710375785828,0.0041977763175964355,0.0
3280,1,10,0.9967710375785828,0.9869791269302368,0.9521543979644775,0.009791910648345947,0.044616639614105225
3527,1,1,0.9973033666610718,0.9973033666610718,0.996364951133728,0.0,0.00093841552734375
3527,1,3,0.9973033666610718,0.986467719078064,0.9978631138801575,0.010835647583007812,-0.0005597472190856934
3527,1,5,0.9973033666610718,0.9724143147468567,0.9950410723686218,0.024889051914215088,0.002262294292449951
3527,1,10,0.9973033666610718,0.8152535557746887,0.9960489869117737,0.18204981088638306,0.0012543797492980957
4024,1,1,0.999428927898407,0.9991614818572998,0.9994611144065857,0.00026744604110717773,-3.218650817871094e-05
4024,1,3,0.999428927898407,0.990065336227417,0.9858682751655579,0.00936359167098999,0.013560652732849121
4024,1,5,0.999428927898407,0.9456692337989807,0.9929688572883606,0.05375969409942627,0.006460070610046387
4024,1,10,0.999428927898407,0.6261810660362244,0.9988215565681458,0.3732478618621826,0.0006073713302612305
4588,1,1,0.999363362789154,0.999363362789154,0.999363362789154,0.0,0.0
4588,1,3,0.999363362789154,0.9803810715675354,0.9990829229354858,0.018982291221618652,0.0002804398536682129
4588,1,5,0.999363362789154,0.8006471395492554,0.9986966252326965,0.19871622323989868,0.0006667375564575195
4588,1,10,0.999363362789154,0.9180670380592346,0.9841188192367554,0.08129632472991943,0.015244543552398682
4641,1,1,0.999903678894043,0.9992250204086304,0.999903678894043,0.0006786584854125977,0.0
4641,1,3,0.999903678894043,0.9908417463302612,0.9981600642204285,0.009061932563781738,0.001743614673614502
4641,1,5,0.999903678894043,0.8192175030708313,0.999903678894043,0.18068617582321167,0.0
4641,1,10,0.999903678894043,0.8850905895233154,0.9999314546585083,0.11481308937072754,-2.777576446533203e-05
4871,1,1,0.9997145533561707,0.9994803071022034,0.999686598777771,0.00023424625396728516,2.7954578399658203e-05
4871,1,3,0.9997145533561707,0.9953302145004272,0.9996484518051147,0.004384338855743408,6.61015510559082e-05
4871,1,5,0.9997145533561707,0.9923880100250244,0.9985780715942383,0.00732654333114624,0.001136481761932373
4871,1,10,0.9997145533561707,0.697593092918396,0.9984809756278992,0.30212146043777466,0.0012335777282714844
4983,1,1,0.9995337724685669,0.9995337724685669,0.9995337724685669,0.0,0.0
4983,1,3,0.9995337724685669,0.9870942234992981,0.9995337724685669,0.012439548969268799,0.0
4983,1,5,0.9995337724685669,0.9166121482849121,0.9911168813705444,0.08292162418365479,0.008416891098022461
4983,1,10,0.9995337724685669,0.9258854985237122,0.998198926448822,0.07364827394485474,0.001334846019744873
5167,1,1,0.9979485869407654,0.9979485869407654,0.9978971481323242,0.0,5.143880844116211e-05
5167,1,3,0.9979485869407654,0.9557288289070129,0.9968878626823425,0.04221975803375244,0.0010607242584228516
5167,1,5,0.9979485869407654,0.9459954500198364,0.9978971481323242,0.051953136920928955,5.143880844116211e-05
5167,1,10,0.9979485869407654,0.9184723496437073,0.9978688955307007,0.0794762372970581,7.969141006469727e-05
5199,1,1,0.9996510744094849,0.9996510744094849,0.9996927976608276,0.0,-4.172325134277344e-05
5199,1,3,0.9996510744094849,0.9869153499603271,0.9996510744094849,0.012735724449157715,0.0
5199,1,5,0.9996510744094849,0.9035338759422302,0.9991992115974426,0.09611719846725464,0.00045186281204223633
5199,1,10,0.9996510744094849,0.8798771500587463,0.999283492565155,0.11977392435073853,0.000367581844329834
5229,1,1,0.9999502897262573,0.9996577501296997,0.9999502897262573,0.0002925395965576172,0.0
5229,1,3,0.9999502897262573,0.9982249140739441,0.9999332427978516,0.0017253756523132324,1.704692840576172e-05
5229,1,5,0.9999502897262573,0.9623051881790161,0.9999128580093384,0.03764510154724121,3.743171691894531e-05
5229,1,10,0.9999502897262573,0.9493159651756287,0.9999481439590454,0.05063432455062866,2.1457672119140625e-06
5767,1,1,0.9999055862426758,0.9992402791976929,0.9999055862426758,0.0006653070449829102,0.0
5767,1,3,0.9999055862426758,0.9910208582878113,0.9999396800994873,0.008884727954864502,-3.409385681152344e-05
5767,1,5,0.9999055862426758,0.838943362236023,0.99928218126297,0.16096222400665283,0.0006234049797058105
5767,1,10,0.9999055862426758,0.9047867059707642,0.9981655478477478,0.09511888027191162,0.0017400383949279785
5788,1,1,0.9979698061943054,0.9971774816513062,0.9977498650550842,0.0007923245429992676,0.0002199411392211914
5788,1,3,0.9979698061943054,0.9742728471755981,0.9979581832885742,0.023696959018707275,1.1622905731201172e-05
5788,1,5,0.9979698061943054,0.9364227652549744,0.9972413778305054,0.061547040939331055,0.0007284283638000488
5788,1,10,0.9979698061943054,0.8763797283172607,0.9916170239448547,0.12159007787704468,0.006352782249450684
5960,1,1,0.9983219504356384,0.9983219504356384,0.9983219504356384,0.0,0.0
5960,1,3,0.9983219504356384,0.948614776134491,0.9983219504356384,0.04970717430114746,0.0
5960,1,5,0.9983219504356384,0.9374197125434875,0.9952645301818848,0.06090223789215088,0.003057420253753662
5960,1,10,0.9983219504356384,0.9134795665740967,0.9979327917098999,0.08484238386154175,0.0003891587257385254
6776,1,1,0.999363362789154,0.999363362789154,0.999363362789154,0.0,0.0
6776,1,3,0.999363362789154,0.9803810715675354,0.9990334510803223,0.018982291221618652,0.0003299117088317871
6776,1,5,0.999363362789154,0.8006471395492554,0.9882964491844177,0.19871622323989868,0.011066913604736328
6776,1,10,0.999363362789154,0.9180670380592346,0.9989088773727417,0.08129632472991943,0.0004544854164123535
6800,1,1,0.999817430973053,0.9901387691497803,0.999817430973053,0.009678661823272705,0.0
6800,1,3,0.999817430973053,0.9519214630126953,0.9997827410697937,0.047895967960357666,3.4689903259277344e-05
6800,1,5,0.999817430973053,0.8460879325866699,0.9884232878684998,0.15372949838638306,0.011394143104553223
6800,1,10,0.999817430973053,0.8309296369552612,0.9998272061347961,0.16888779401779175,-9.775161743164062e-06
7055,1,1,0.996290922164917,0.996290922164917,0.996290922164917,0.0,0.0
7055,1,3,0.996290922164917,0.8993293642997742,0.9951580166816711,0.09696155786514282,0.0011329054832458496
7055,1,5,0.996290922164917,0.919779896736145,0.9954327344894409,0.07651102542877197,0.0008581876754760742
7055,1,10,0.996290922164917,0.9341021180152893,0.9656009674072266,0.062188804149627686,0.03068995475769043
7262,1,1,0.9980898499488831,0.9980898499488831,0.9973053932189941,0.0,0.000784456729888916
7262,1,3,0.9980898499488831,0.9715705513954163,0.9982708692550659,0.026519298553466797,-0.00018101930618286133
7262,1,5,0.9980898499488831,0.884130597114563,0.9980968832969666,0.11395925283432007,-7.033348083496094e-06
7262,1,10,0.9980898499488831,0.6507622599601746,0.9298027753829956,0.3473275899887085,0.06828707456588745
7448,1,1,0.9999421834945679,0.9995602965354919,0.9999421834945679,0.00038188695907592773,0.0
7448,1,3,0.9999421834945679,0.9948124885559082,0.9999475479125977,0.005129694938659668,-5.364418029785156e-06
7448,1,5,0.9999421834945679,0.9017760157585144,0.9998385906219482,0.09816616773605347,0.0001035928726196289
7448,1,10,0.9999421834945679,0.8748260140419006,0.9999403953552246,0.12511616945266724,1.7881393432617188e-06
7473,1,1,0.9999749660491943,0.9998514652252197,0.9999749660491943,0.00012350082397460938,0.0
7473,1,3,0.9999749660491943,0.9917640089988708,0.9999749660491943,0.008210957050323486,0.0
7473,1,5,0.9999749660491943,0.9061644673347473,0.9991764426231384,0.09381049871444702,0.0007985234260559082
7473,1,10,0.9999749660491943,0.8401877284049988,0.9999855756759644,0.15978723764419556,-1.0609626770019531e-05
7848,1,1,0.9993637204170227,0.9993637204170227,0.9993637204170227,0.0,0.0
7848,1,3,0.9993637204170227,0.9773207902908325,0.9925111532211304,0.022042930126190186,0.006852567195892334
7848,1,5,0.9993637204170227,0.8295395970344543,0.9929774403572083,0.16982412338256836,0.006386280059814453
7848,1,10,0.9993637204170227,0.9141578674316406,0.9990787506103516,0.08520585298538208,0.0002849698066711426
7962,1,1,0.9999539852142334,0.9997298121452332,0.9997298121452332,0.00022417306900024414,0.00022417306900024414
7962,1,3,0.9999539852142334,0.9845839738845825,0.9999353885650635,0.015370011329650879,1.8596649169921875e-05
7962,1,5,0.9999539852142334,0.818997323513031,0.9998960494995117,0.1809566617012024,5.793571472167969e-05
7962,1,10,0.9999539852142334,0.8407357335090637,0.9956353306770325,0.15921825170516968,0.004318654537200928
8011,1,1,0.9999504089355469,0.9997088313102722,0.9999560117721558,0.0002415776252746582,-5.602836608886719e-06
8011,1,3,0.9999504089355469,0.983749270439148,0.9999198913574219,0.016201138496398926,3.0517578125e-05
8011,1,5,0.9999504089355469,0.8390679955482483,0.9999560117721558,0.16088241338729858,-5.602836608886719e-06
8011,1,10,0.9999504089355469,0.8476490378379822,0.9984959363937378,0.1523013710975647,0.001454472541809082
8264,1,1,0.999903678894043,0.9992250204086304,0.999903678894043,0.0006786584854125977,0.0
8264,1,3,0.999903678894043,0.9908417463302612,0.999903678894043,0.009061932563781738,0.0
8264,1,5,0.999903678894043,0.8192175030708313,0.999794065952301,0.18068617582321167,0.00010961294174194336
8264,1,10,0.999903678894043,0.8850905895233154,0.9962610602378845,0.11481308937072754,0.0036426186561584473
8580,1,1,0.9957707524299622,0.9957707524299622,0.9957707524299622,0.0,0.0
8580,1,3,0.9957707524299622,0.9554538726806641,0.9919082522392273,0.040316879749298096,0.0038625001907348633
8580,1,5,0.9957707524299622,0.889594554901123,0.992863118648529,0.10617619752883911,0.0029076337814331055
8580,1,10,0.9957707524299622,0.6414923667907715,0.9505383968353271,0.3542783856391907,0.04523235559463501
9120,1,1,0.9998138546943665,0.9998138546943665,0.9998138546943665,0.0,0.0
9120,1,3,0.9998138546943665,0.9897897839546204,0.9983330368995667,0.010024070739746094,0.0014808177947998047
9120,1,5,0.9998138546943665,0.9961274266242981,0.9979389309883118,0.0036864280700683594,0.0018749237060546875
9120,1,10,0.9998138546943665,0.9905533194541931,0.9990211725234985,0.00926053524017334,0.0007926821708679199
9211,1,1,0.985791802406311,0.9855603575706482,0.985791802406311,0.0002314448356628418,0.0
9211,1,3,0.985791802406311,0.7452174425125122,0.9502142071723938,0.24057435989379883,0.035577595233917236
9211,1,5,0.985791802406311,0.8953626751899719,0.9679701328277588,0.09042912721633911,0.017821669578552246
9211,1,10,0.985791802406311,0.3548649549484253,0.9119614362716675,0.6309268474578857,0.07383036613464355
9648,1,1,0.9943432807922363,0.9934862852096558,0.9943432807922363,0.0008569955825805664,0.0
9648,1,3,0.9943432807922363,0.9235018491744995,0.9954249262809753,0.07084143161773682,-0.0010816454887390137
9648,1,5,0.9943432807922363,0.8599503040313721,0.9952797889709473,0.13439297676086426,-0.0009365081787109375
9648,1,10,0.9943432807922363,0.6267119646072388,0.9732452630996704,0.36763131618499756,0.021098017692565918
9691,1,1,0.9957849383354187,0.9957849383354187,0.9951013922691345,0.0,0.0006835460662841797
9691,1,3,0.9957849383354187,0.9470476508140564,0.9921259880065918,0.048737287521362305,0.0036589503288269043
9691,1,5,0.9957849383354187,0.5400227308273315,0.9950520396232605,0.45576220750808716,0.0007328987121582031
9691,1,10,0.9957849383354187,0.667635977268219,0.9873806238174438,0.3281489610671997,0.008404314517974854
10469,1,1,0.9978316426277161,0.9974915981292725,0.9974915981292725,0.0003400444984436035,0.0003400444984436035
10469,1,3,0.9978316426277161,0.990210771560669,0.9982023239135742,0.007620871067047119,-0.0003706812858581543
10469,1,5,0.9978316426277161,0.8928716778755188,0.9758510589599609,0.10495996475219727,0.021980583667755127
10469,1,10,0.9978316426277161,0.6735764741897583,0.9938777089118958,0.32425516843795776,0.0039539337158203125
11070,1,1,0.9969895482063293,0.9977791905403137,0.9972266554832458,-0.000789642333984375,-0.0002371072769165039
11070,1,3,0.9969895482063293,0.9642017483711243,0.9970309734344482,0.03278779983520508,-4.1425228118896484e-05
11070,1,5,0.9969895482063293,0.9833994507789612,0.9975752234458923,0.013590097427368164,-0.0005856752395629883
11070,1,10,0.9969895482063293,0.921504020690918,0.98965984582901,0.07548552751541138,0.007329702377319336
11238,1,1,0.9972813129425049,0.9984338879585266,0.9972813129425049,-0.0011525750160217285,0.0
11238,1,3,0.9972813129425049,0.989107608795166,0.9959021210670471,0.008173704147338867,0.0013791918754577637
11238,1,5,0.9972813129425049,0.9857909679412842,0.9966993927955627,0.011490345001220703,0.0005819201469421387
11238,1,10,0.9972813129425049,0.8894531726837158,0.995317816734314,0.10782814025878906,0.001963496208190918
11283,1,1,0.9957692623138428,0.9956580400466919,0.9957692623138428,0.0001112222671508789,0.0
11283,1,3,0.9957692623138428,0.9533191323280334,0.9942196607589722,0.042450129985809326,0.0015496015548706055
11283,1,5,0.9957692623138428,0.6872620582580566,0.9956580400466919,0.30850720405578613,0.0001112222671508789
11283,1,10,0.9957692623138428,0.668074905872345,0.9839962124824524,0.3276943564414978,0.01177304983139038
11322,1,1,0.9965124726295471,0.9965124726295471,0.9965124726295471,0.0,0.0
11322,1,3,0.9965124726295471,0.9908379912376404,0.994917631149292,0.005674481391906738,0.001594841480255127
11322,1,5,0.9965124726295471,0.9518665075302124,0.9812521934509277,0.04464596509933472,0.015260279178619385
11322,1,10,0.9965124726295471,0.9131749868392944,0.9965882301330566,0.08333748579025269,-7.575750350952148e-05
11417,1,1,0.9994206428527832,0.026637442409992218,0.9994206428527832,0.972783200442791,0.0
11417,1,3,0.9994206428527832,0.9987279772758484,0.9989519119262695,0.0006926655769348145,0.0004687309265136719
11417,1,5,0.9994206428527832,0.9712508320808411,0.9997060894966125,0.02816981077194214,-0.0002854466438293457
11417,1,10,0.9994206428527832,0.964804470539093,0.999001681804657,0.034616172313690186,0.0004189610481262207
12072,1,1,0.9999825954437256,0.9982193112373352,0.9999825954437256,0.0017632842063903809,0.0
12072,1,3,0.9999825954437256,0.9811326861381531,0.9996930360794067,0.01884990930557251,0.00028955936431884766
12072,1,5,0.9999825954437256,0.7878651022911072,0.9999825954437256,0.2121174931526184,0.0
12072,1,10,0.9999825954437256,0.9322397112846375,0.9999696016311646,0.06774288415908813,1.2993812561035156e-05
12146,1,1,0.999985933303833,0.9983084201812744,0.999985933303833,0.0016775131225585938,0.0
12146,1,3,0.999985933303833,0.9703493714332581,0.9997469782829285,0.02963656187057495,0.00023895502090454102
12146,1,5,0.999985933303833,0.6665893197059631,0.9996330738067627,0.3333966135978699,0.0003528594970703125
12146,1,10,0.999985933303833,0.6831468939781189,0.9999850988388062,0.3168390393257141,8.344650268554688e-07
12151,1,1,0.9999788999557495,0.996903121471405,0.9999788999557495,0.0030757784843444824,0.0
12151,1,3,0.9999788999557495,0.9373764395713806,0.9999834299087524,0.0626024603843689,-4.5299530029296875e-06
12151,1,5,0.9999788999557495,0.4895501434803009,0.9990574717521667,0.5104287564754486,0.0009214282035827637
12151,1,10,0.9999788999557495,0.7541823983192444,0.9999692440032959,0.24579650163650513,9.655952453613281e-06
12454,1,1,0.9999772310256958,0.9978861212730408,0.9999772310256958,0.0020911097526550293,0.0
12454,1,3,0.9999772310256958,0.9738643169403076,0.9990600943565369,0.026112914085388184,0.0009171366691589355
12454,1,5,0.9999772310256958,0.9118021726608276,0.999977707862854,0.08817505836486816,-4.76837158203125e-07
12454,1,10,0.9999772310256958,0.9094839692115784,0.9999719858169556,0.09049326181411743,5.245208740234375e-06
12546,1,1,0.9999768733978271,0.9973205924034119,0.9999768733978271,0.002656280994415283,0.0
12546,1,3,0.9999768733978271,0.9631040096282959,0.9999768733978271,0.03687286376953125,0.0
12546,1,5,0.9999768733978271,0.8600160479545593,0.9995686411857605,0.13996082544326782,0.0004082322120666504
12546,1,10,0.9999768733978271,0.6481924057006836,0.9993769526481628,0.35178446769714355,0.0005999207496643066
12601,1,1,0.9999850988388062,0.9983605742454529,0.9999707937240601,0.0016245245933532715,1.430511474609375e-05
12601,1,3,0.9999850988388062,0.9795743227005005,0.9997745156288147,0.020410776138305664,0.00021058320999145508
12601,1,5,0.9999850988388062,0.7102753520011902,0.9999704360961914,0.28970974683761597,1.4662742614746094e-05
12601,1,10,0.9999850988388062,0.8126126527786255,0.9994210004806519,0.18737244606018066,0.0005640983581542969
12956,1,1,0.9999866485595703,0.9990085959434509,0.9999858140945435,0.0009780526161193848,8.344650268554688e-07
12956,1,3,0.9999866485595703,0.9823575019836426,0.999980092048645,0.017629146575927734,6.556510925292969e-06
12956,1,5,0.9999866485595703,0.9101178646087646,0.9999866485595703,0.08986878395080566,0.0
12956,1,10,0.9999866485595703,0.9207175374031067,0.9993495345115662,0.07926911115646362,0.0006371140480041504
12972,1,1,0.9447610378265381,0.9447610378265381,0.9447610378265381,0.0,0.0
12972,1,3,0.9447610378265381,0.8440081477165222,0.9447610378265381,0.10075289011001587,0.0
12972,1,5,0.9447610378265381,0.945803165435791,0.8933290243148804,-0.0010421276092529297,0.051432013511657715
12972,1,10,0.9447610378265381,0.87144535779953,0.9785298705101013,0.07331568002700806,-0.03376883268356323
12995,1,1,0.9999958276748657,0.9990710020065308,0.9999958276748657,0.0009248256683349609,0.0
12995,1,3,0.9999958276748657,0.9843196272850037,0.9999974966049194,0.01567620038986206,-1.6689300537109375e-06
12995,1,5,0.9999958276748657,0.8188703656196594,0.9999947547912598,0.1811254620552063,1.0728836059570312e-06
12995,1,10,0.9999958276748657,0.8950045108795166,0.9999927282333374,0.10499131679534912,3.0994415283203125e-06
12997,1,1,0.9999866485595703,0.9986288547515869,0.9999886751174927,0.0013577938079833984,-2.0265579223632812e-06
12997,1,3,0.9999866485595703,0.9854148626327515,0.9999866485595703,0.014571785926818848,0.0
12997,1,5,0.9999866485595703,0.828336775302887,0.9999866485595703,0.17164987325668335,0.0
12997,1,10,0.9999866485595703,0.8560205698013306,0.9998148083686829,0.14396607875823975,0.00017184019088745117
13034,1,1,0.999981164932251,0.9973374009132385,0.999981164932251,0.002643764019012451,0.0
13034,1,3,0.999981164932251,0.9672845602035522,0.9999825954437256,0.03269660472869873,-1.430511474609375e-06
13034,1,5,0.999981164932251,0.861142098903656,0.9999886751174927,0.13883906602859497,-7.510185241699219e-06
13034,1,10,0.999981164932251,0.5949898958206177,0.9998843669891357,0.4049912691116333,9.679794311523438e-05
13575,1,1,0.9999933242797852,0.9994372725486755,0.9999951124191284,0.0005560517311096191,-1.7881393432617188e-06
13575,1,3,0.9999933242797852,0.9931671023368835,0.9999899864196777,0.006826221942901611,3.337860107421875e-06
13575,1,5,0.9999933242797852,0.7974259853363037,0.9999840259552002,0.20256733894348145,9.298324584960938e-06
13575,1,10,0.9999933242797852,0.8292499780654907,0.9878004789352417,0.17074334621429443,0.012192845344543457
13689,1,1,0.9999879598617554,0.9982934594154358,0.9999860525131226,0.00169450044631958,1.9073486328125e-06
13689,1,3,0.9999879598617554,0.9727606177330017,0.999987006187439,0.027227342128753662,9.5367431640625e-07
13689,1,5,0.9999879598617554,0.716390073299408,0.9999879598617554,0.2835978865623474,0.0
13689,1,10,0.9999879598617554,0.8285689949989319,0.9995428323745728,0.1714189648628235,0.0004451274871826172
13758,1,1,0.9996389150619507,0.9939050078392029,0.9996389150619507,0.005733907222747803,0.0
13758,1,3,0.9996389150619507,0.8483685255050659,0.9994122982025146,0.15127038955688477,0.00022661685943603516
13758,1,5,0.9996389150619507,0.44059258699417114,0.9996389150619507,0.5590463280677795,0.0
13758,1,10,0.9996389150619507,0.7858951091766357,0.9680292010307312,0.21374380588531494,0.03160971403121948
13872,1,1,0.9999961853027344,0.999705970287323,0.999705970287323,0.00029021501541137695,0.00029021501541137695
13872,1,3,0.9999961853027344,0.9960972666740417,0.9999185800552368,0.003898918628692627,7.76052474975586e-05
13872,1,5,0.9999961853027344,0.8945004343986511,0.9999922513961792,0.10549575090408325,3.933906555175781e-06
13872,1,10,0.9999961853027344,0.608234703540802,0.9970026612281799,0.3917614817619324,0.0029935240745544434
13992,1,1,0.9999929666519165,0.9995545744895935,0.9999929666519165,0.00043839216232299805,0.0
13992,1,3,0.9999929666519165,0.9933215975761414,0.9999856948852539,0.0066713690757751465,7.271766662597656e-06
13992,1,5,0.9999929666519165,0.7578702569007874,0.9931715726852417,0.24212270975112915,0.006821393966674805
13992,1,10,0.9999929666519165,0.7108193039894104,0.9999097585678101,0.2891736626625061,8.320808410644531e-05
14111,1,1,0.999993085861206,0.9990099668502808,0.9999898672103882,0.000983119010925293,3.2186508178710938e-06
14111,1,3,0.999993085861206,0.9804737567901611,0.9998363256454468,0.019519329071044922,0.00015676021575927734
14111,1,5,0.999993085861206,0.7842574715614319,0.999995231628418,0.21573561429977417,-2.1457672119140625e-06
14111,1,10,0.999993085861206,0.8696197867393494,0.9993313550949097,0.1303732991218567,0.0006617307662963867
14237,1,1,0.9999651908874512,0.9959624409675598,0.9999651908874512,0.004002749919891357,0.0
14237,1,3,0.9999651908874512,0.9511495232582092,0.9999651908874512,0.04881566762924194,0.0
14237,1,5,0.9999651908874512,0.8159405589103699,0.9867933392524719,0.1840246319770813,0.013171851634979248
14237,1,10,0.9999651908874512,0.8854721188545227,0.9999182224273682,0.11449307203292847,4.696846008300781e-05
14539,1,1,0.9999802112579346,0.9975839853286743,0.9999802112579346,0.002396225929260254,0.0
14539,1,3,0.9999802112579346,0.962361752986908,0.9999802112579346,0.03761845827102661,0.0
14539,1,5,0.9999802112579346,0.6096862554550171,0.9999563694000244,0.3902939558029175,2.384185791015625e-05
14539,1,10,0.9999802112579346,0.8675844669342041,0.9975451827049255,0.13239574432373047,0.002435028553009033
14542,1,1,0.9999887943267822,0.9993392825126648,0.9999887943267822,0.0006495118141174316,0.0
14542,1,3,0.9999887943267822,0.9901769757270813,0.9999879598617554,0.009811818599700928,8.344650268554688e-07
14542,1,5,0.9999887943267822,0.9510039687156677,0.99996018409729,0.0489848256111145,2.86102294921875e-05
14542,1,10,0.9999887943267822,0.6632457971572876,0.999660849571228,0.33674299716949463,0.0003279447555541992
14989,1,1,0.9999935626983643,0.9993616938591003,0.9998326301574707,0.000631868839263916,0.0001609325408935547
14989,1,3,0.9999935626983643,0.9941384792327881,0.9999927282333374,0.005855083465576172,8.344650268554688e-07
14989,1,5,0.9999935626983643,0.9237414598464966,0.9999935626983643,0.07625210285186768,0.0
14989,1,10,0.9999935626983643,0.9251083731651306,0.9998118281364441,0.07488518953323364,0.00018173456192016602
15191,1,1,0.9999873638153076,0.9975519776344299,0.9999873638153076,0.0024353861808776855,0.0
15191,1,3,0.9999873638153076,0.9539240598678589,0.9999873638153076,0.04606330394744873,0.0
15191,1,5,0.9999873638153076,0.5428438782691956,0.9999786615371704,0.45714348554611206,8.702278137207031e-06
15191,1,10,0.9999873638153076,0.9382774829864502,0.9999887943267822,0.06170988082885742,-1.430511474609375e-06
15222,1,1,0.9999929666519165,0.9994937181472778,0.9999872446060181,0.0004992485046386719,5.7220458984375e-06
15222,1,3,0.9999929666519165,0.9924198985099792,0.9999939203262329,0.007573068141937256,-9.5367431640625e-07
15222,1,5,0.9999929666519165,0.9593715667724609,0.9999929666519165,0.040621399879455566,0.0
15222,1,10,0.9999929666519165,0.8027285933494568,0.9950205087661743,0.19726437330245972,0.0049724578857421875
15237,1,1,0.9999947547912598,0.9995984435081482,0.9999947547912598,0.00039631128311157227,0.0
15237,1,3,0.9999947547912598,0.9939761161804199,0.9999971389770508,0.006018638610839844,-2.384185791015625e-06
15237,1,5,0.9999947547912598,0.8000297546386719,0.999985933303833,0.1999650001525879,8.821487426757812e-06
15237,1,10,0.9999947547912598,0.6194987893104553,0.9999239444732666,0.38049596548080444,7.081031799316406e-05
15842,1,1,0.9999704360961914,0.9970607161521912,0.9999704360961914,0.002909719944000244,0.0
15842,1,3,0.9999704360961914,0.9639974236488342,0.9980921149253845,0.03597301244735718,0.0018783211708068848
15842,1,5,0.9999704360961914,0.6566332578659058,0.9989845156669617,0.34333717823028564,0.0009859204292297363
15842,1,10,0.9999704360961914,0.6677384972572327,0.9994845390319824,0.33223193883895874,0.0004858970642089844
15928,1,1,0.9999701976776123,0.9955340623855591,0.9999701976776123,0.004436135292053223,0.0
15928,1,3,0.9999701976776123,0.9425451159477234,0.9999747276306152,0.057425081729888916,-4.5299530029296875e-06
15928,1,5,0.9999701976776123,0.5809494256973267,0.9983306527137756,0.41902077198028564,0.00163954496383667
15928,1,10,0.9999701976776123,0.8717436790466309,0.9954918026924133,0.12822651863098145,0.004478394985198975
17358,1,1,0.999996542930603,0.9993743300437927,0.999996542930603,0.0006222128868103027,0.0
17358,1,3,0.999996542930603,0.9916481971740723,0.9998917579650879,0.008348345756530762,0.00010478496551513672
17358,1,5,0.999996542930603,0.8953010439872742,0.9999946355819702,0.10469549894332886,1.9073486328125e-06
17358,1,10,0.999996542930603,0.7665311098098755,0.9989689588546753,0.23346543312072754,0.0010275840759277344
17463,1,1,0.999993085861206,0.9992357492446899,0.999993085861206,0.0007573366165161133,0.0
17463,1,3,0.999993085861206,0.9929895401000977,0.9999595880508423,0.0070035457611083984,3.349781036376953e-05
17463,1,5,0.999993085861206,0.9100428223609924,0.9999953508377075,0.08995026350021362,-2.2649765014648438e-06
17463,1,10,0.999993085861206,0.8695691823959351,0.9990022778511047,0.130423903465271,0.0009908080101013184
18589,1,1,0.9999854564666748,0.9978210926055908,0.9999854564666748,0.0021643638610839844,0.0
18589,1,3,0.9999854564666748,0.9730201363563538,0.9999854564666748,0.026965320110321045,0.0
18589,1,5,0.9999854564666748,0.6559793949127197,0.9999839067459106,0.3440060615539551,1.5497207641601562e-06
18589,1,10,0.9999854564666748,0.8065093159675598,0.9993816614151001,0.193476140499115,0.000603795051574707
18663,1,1,0.9999799728393555,0.997647225856781,0.999715268611908,0.002332746982574463,0.00026470422744750977
18663,1,3,0.9999799728393555,0.9674660563468933,0.9999879598617554,0.03251391649246216,-7.987022399902344e-06
18663,1,5,0.9999799728393555,0.6777711510658264,0.999988317489624,0.32220882177352905,-8.344650268554688e-06
18663,1,10,0.9999799728393555,0.8630305528640747,0.999988317489624,0.13694941997528076,-8.344650268554688e-06
18669,1,1,0.9999896287918091,0.9989635944366455,0.9999896287918091,0.0010260343551635742,0.0
18669,1,3,0.9999896287918091,0.9873149394989014,0.999981164932251,0.012674689292907715,8.463859558105469e-06
18669,1,5,0.9999896287918091,0.8475351333618164,0.9993360638618469,0.15245449542999268,0.0006535649299621582
18669,1,10,0.9999896287918091,0.7760206460952759,0.9997544884681702,0.2239689826965332,0.00023514032363891602
18689,1,1,0.9999872446060181,0.9983699917793274,0.9999872446060181,0.0016172528266906738,0.0
18689,1,3,0.9999872446060181,0.9827035665512085,0.9999872446060181,0.01728367805480957,0.0
18689,1,5,0.9999872446060181,0.8022846579551697,0.990451455116272,0.1977025866508484,0.009535789489746094
18689,1,10,0.9999872446060181,0.9322397112846375,0.9998729228973389,0.06774753332138062,0.00011432170867919922
18774,1,1,0.999992847442627,0.9994767308235168,0.999992847442627,0.0005161166191101074,0.0
18774,1,3,0.999992847442627,0.9932851791381836,0.9999933242797852,0.006707668304443359,-4.76837158203125e-07
18774,1,5,0.999992847442627,0.9702760577201843,0.9998216032981873,0.029716789722442627,0.00017124414443969727
18774,1,10,0.999992847442627,0.9008920788764954,0.9975988268852234,0.09910076856613159,0.0023940205574035645
19657,1,1,0.9999418258666992,0.9916348457336426,0.9999418258666992,0.00830698013305664,0.0
19657,1,3,0.9999418258666992,0.8464389443397522,0.9999418258666992,0.15350288152694702,0.0
19657,1,5,0.9999418258666992,0.6646419167518616,0.9999418258666992,0.33529990911483765,0.0
19657,1,10,0.9999418258666992,0.9518593549728394,0.9997020363807678,0.04808247089385986,0.00023978948593139648
19846,1,1,0.9999876022338867,0.9985573887825012,0.9999876022338867,0.001430213451385498,0.0
19846,1,3,0.9999876022338867,0.9798148274421692,0.9999580383300781,0.02017277479171753,2.956390380859375e-05
19846,1,5,0.9999876022338867,0.7744417190551758,0.9999649524688721,0.22554588317871094,2.2649765014648438e-05
19846,1,10,0.9999876022338867,0.8478190302848816,0.9990895986557007,0.15216857194900513,0.0008980035781860352
20140,1,1,0.9999935626983643,0.9996274709701538,0.9999850988388062,0.0003660917282104492,8.463859558105469e-06
20140,1,3,0.9999935626983643,0.995061457157135,0.999964714050293,0.004932105541229248,2.8848648071289062e-05
20140,1,5,0.9999935626983643,0.8531485795974731,0.9999966621398926,0.1468449831008911,-3.0994415283203125e-06
20140,1,10,0.9999935626983643,0.6948941349983215,0.9998985528945923,0.3050994277000427,9.500980377197266e-05
20295,1,1,0.9999895095825195,0.9981649518013,0.9999895095825195,0.0018245577812194824,0.0
20295,1,3,0.9999895095825195,0.9740110635757446,0.9999736547470093,0.025978446006774902,1.5854835510253906e-05
20295,1,5,0.9999895095825195,0.7962551116943359,0.999976396560669,0.2037343978881836,1.3113021850585938e-05
20295,1,10,0.9999895095825195,0.9039270281791687,0.9999059438705444,0.09606248140335083,8.356571197509766e-05
20300,1,1,0.9999845027923584,0.9976406097412109,0.9999407529830933,0.002343893051147461,4.374980926513672e-05
20300,1,3,0.9999845027923584,0.967377245426178,0.9999845027923584,0.03260725736618042,0.0
20300,1,5,0.9999845027923584,0.6771547794342041,0.9999809265136719,0.3228297233581543,3.5762786865234375e-06
20300,1,10,0.9999845027923584,0.6416894793510437,0.9993082284927368,0.3582950234413147,0.000676274299621582
20779,1,1,0.9999884366989136,0.9983400106430054,0.9999884366989136,0.0016484260559082031,0.0
20779,1,3,0.9999884366989136,0.9738504886627197,0.9998188614845276,0.026137948036193848,0.00016957521438598633
20779,1,5,0.9999884366989136,0.5995554327964783,0.9999945163726807,0.4004330039024353,-6.079673767089844e-06
20779,1,10,0.9999884366989136,0.8642148971557617,0.9997275471687317,0.13577353954315186,0.00026088953018188477
20907,1,1,0.9999884366989136,0.998806357383728,0.9999884366989136,0.0011820793151855469,0.0
20907,1,3,0.9999884366989136,0.9807999134063721,0.999987006187439,0.019188523292541504,1.430511474609375e-06
20907,1,5,0.9999884366989136,0.7832320332527161,0.9999936819076538,0.2167564034461975,-5.245208740234375e-06
20907,1,10,0.9999884366989136,0.7770350575447083,0.9999828338623047,0.22295337915420532,5.602836608886719e-06
22243,1,1,0.9999749660491943,0.9968000650405884,0.9999749660491943,0.003174901008605957,0.0
22243,1,3,0.9999749660491943,0.9609190225601196,0.9999710321426392,0.03905594348907471,3.933906555175781e-06
22243,1,5,0.9999749660491943,0.6371656656265259,0.9999710321426392,0.36280930042266846,3.933906555175781e-06
22243,1,10,0.9999749660491943,0.7375980019569397,0.9995391368865967,0.26237696409225464,0.00043582916259765625
22355,1,1,0.9999923706054688,0.9990874528884888,0.9999923706054688,0.0009049177169799805,0.0
22355,1,3,0.9999923706054688,0.9861786365509033,0.99960857629776,0.01381373405456543,0.00038379430770874023
22355,1,5,0.9999923706054688,0.47390925884246826,0.9999918937683105,0.5260831117630005,4.76837158203125e-07
22355,1,10,0.9999923706054688,0.7031064629554749,0.9965571165084839,0.2968859076499939,0.0034352540969848633
23788,0,1,9.508232324151322e-06,0.06577087193727493,9.508232324151322e-06,-0.06576136370495078,0.0
23788,0,3,9.508232324151322e-06,0.22915175557136536,4.646009983844124e-06,-0.2291422473390412,4.8622223403071985e-06
23788,0,5,9.508232324151322e-06,0.39364513754844666,2.818350367306266e-05,-0.3936356293161225,-1.8675271348911338e-05
23788,0,10,9.508232324151322e-06,0.5806527733802795,3.9344464312307537e-05,-0.5806432651479554,-2.9836231988156214e-05
23805,0,1,3.1871320970822126e-05,0.097291961312294,3.1871320970822126e-05,-0.09726008999132318,0.0
23805,0,3,3.1871320970822126e-05,0.6129928231239319,3.1871320970822126e-05,-0.6129609518029611,0.0
23805,0,5,3.1871320970822126e-05,0.6129928231239319,2.4860932171577588e-05,-0.6129609518029611,7.010388799244538e-06
23805,0,10,3.1871320970822126e-05,0.7068160772323608,3.421340443310328e-05,-0.70678420591139,-2.3420834622811526e-06
23813,0,1,3.8555546780116856e-05,0.3230576813220978,3.8555546780116856e-05,-0.32301912577531766,0.0
23813,0,3,3.8555546780116856e-05,0.8485066890716553,3.2656924304319546e-05,-0.8484681335248752,5.8986224757973105e-06
23813,0,5,3.8555546780116856e-05,0.8467875719070435,4.125946725253016e-05,-0.8467490163602633,-2.7039204724133015e-06
23813,0,10,3.8555546780116856e-05,0.7464627027511597,0.8503800630569458,-0.7464241472043796,-0.8503415075101657
23916,0,1,7.975485459610354e-06,0.05105021595954895,1.7087273590732366e-05,-0.05104224047408934,-9.111788131122012e-06
23916,0,3,7.975485459610354e-06,0.6723581552505493,9.174596925731748e-06,-0.6723501797650897,-1.1991114661213942e-06
23916,0,5,7.975485459610354e-06,0.9386468529701233,2.379899160587229e-05,-0.9386388774846637,-1.5823506146261934e-05
23916,0,10,7.975485459610354e-06,0.9618462324142456,1.4582337826141156e-05,-0.961838256928786,-6.606852366530802e-06
24139,0,1,7.858026037865784e-06,0.050050150603055954,8.275737855001353e-06,-0.05004229257701809,-4.177118171355687e-07
24139,0,3,7.858026037865784e-06,0.6901208162307739,6.7811911321769e-06,-0.6901129582047361,1.0768349056888837e-06
24139,0,5,7.858026037865784e-06,0.7779667973518372,0.15662284195423126,-0.7779589393257993,-0.1566149839281934
24139,0,10,7.858026037865784e-06,0.7259182929992676,1.6529957065358758e-05,-0.7259104349732297,-8.671931027492974e-06
24222,0,1,1.610719846212305e-05,0.8297857642173767,1.610719846212305e-05,-0.8297696570189146,0.0
24222,0,3,1.610719846212305e-05,0.9777047634124756,1.610719846212305e-05,-0.9776886562140135,0.0
24222,0,5,1.610719846212305e-05,0.9851772785186768,1.960611916729249e-05,-0.9851611713202146,-3.4989207051694393e-06
24222,0,10,1.610719846212305e-05,0.9030168056488037,2.1846621166332625e-05,-0.9030006984503416,-5.7394227042095736e-06
24256,0,1,4.476069443626329e-05,0.3166918456554413,3.368514444446191e-05,-0.316647084961005,1.1075549991801381e-05
24256,0,3,4.476069443626329e-05,0.8121004700660706,4.476069443626329e-05,-0.8120557093716343,0.0
24256,0,5,4.476069443626329e-05,0.8711294531822205,4.347954018157907e-05,-0.8710846924877842,1.2811542546842247e-06
24256,0,10,4.476069443626329e-05,0.9025015830993652,3.6922810977557674e-05,-0.902456822404929,7.837883458705619e-06
24704,0,1,1.8000229829340242e-05,0.4898126721382141,1.8000229829340242e-05,-0.48979467190838477,0.0
24704,0,3,1.8000229829340242e-05,0.9522731900215149,1.5487625205423683e-05,-0.9522551897916856,2.512604623916559e-06
24704,0,5,1.8000229829340242e-05,0.8134699463844299,1.2569910722959321e-05,-0.8134519461546006,5.430319106380921e-06
24704,0,10,1.8000229829340242e-05,0.7737305164337158,0.6397966742515564,-0.7737125162038865,-0.6397786740217271
25362,0,1,8.607292693341151e-05,0.8854158520698547,7.912536966614425e-05,-0.8853297791429213,6.947557267267257e-06
25362,0,3,8.607292693341151e-05,0.9919140338897705,8.607292693341151e-05,-0.9918279609628371,0.0
25362,0,5,8.607292693341151e-05,0.9935083389282227,7.814403943484649e-05,-0.9934222660012892,7.928887498565018e-06
25362,0,10,8.607292693341151e-05,0.9446904063224792,0.7866230607032776,-0.9446043333955458,-0.7865369877763442
25479,0,1,0.0002517435059417039,0.9424980878829956,0.0002517435059417039,-0.9422463443770539,0.0
25479,0,3,0.0002517435059417039,0.9746866822242737,0.00011956848175032064,-0.974434938718332,0.00013217502419138327
25479,0,5,0.0002517435059417039,0.9665217995643616,0.00023220125876832753,-0.9662700560584199,1.954224717337638e-05
25479,0,10,0.0002517435059417039,0.9569985270500183,7.766035560052842e-05,-0.9567467835440766,0.0001740831503411755
25695,0,1,5.63774119655136e-06,0.023390047252178192,5.63774119655136e-06,-0.02338440951098164,0.0
25695,0,3,5.63774119655136e-06,0.6491172909736633,5.711283847631421e-06,-0.6491116532324668,-7.354265108006075e-08
25695,0,5,5.63774119655136e-06,0.686765730381012,1.2762426194967702e-05,-0.6867600926398154,-7.124684998416342e-06
25695,0,10,5.63774119655136e-06,0.783272922039032,0.00020508217858150601,-0.7832672842978354,-0.00019944443738495465
25751,0,1,3.7243029510136694e-05,0.9579645395278931,3.7243029510136694e-05,-0.9579272964983829,0.0
25751,0,3,3.7243029510136694e-05,0.9810628294944763,1.571272878209129e-05,-0.9810255864649662,2.1530300728045404e-05
25751,0,5,3.7243029510136694e-05,0.9808585047721863,5.055853398516774e-05,-0.9808212617426761,-1.3315504475031048e-05
25751,0,10,3.7243029510136694e-05,0.8560509085655212,0.9093191027641296,-0.8560136655360111,-0.9092818597346195
25952,0,1,1.2688833521679044e-05,0.7880446910858154,1.2688833521679044e-05,-0.7880320022522938,0.0
25952,0,3,1.2688833521679044e-05,0.9467955827713013,1.3562840649683494e-05,-0.9467828939377796,-8.740071280044504e-07
25952,0,5,1.2688833521679044e-05,0.9830976128578186,1.2688833521679044e-05,-0.9830849240242969,0.0
25952,0,10,1.2688833521679044e-05,0.8595035076141357,0.0006276227650232613,-0.8594908187806141,-0.0006149339315015823
26165,0,1,2.8749031116603874e-05,0.5581446290016174,5.364524622564204e-05,-0.5581158799705008,-2.4896215109038167e-05
26165,0,3,2.8749031116603874e-05,0.9464284777641296,0.000683654856402427,-0.946399728733013,-0.0006549058252858231
26165,0,5,2.8749031116603874e-05,0.9464284777641296,2.565627255535219e-05,-0.946399728733013,3.092758561251685e-06
26165,0,10,2.8749031116603874e-05,0.9025511145591736,2.8646485588978976e-05,-0.902522365528057,1.0254552762489766e-07
26221,0,1,2.679433600860648e-05,0.9617771506309509,2.679433600860648e-05,-0.9617503562949423,0.0
26221,0,3,2.679433600860648e-05,0.9828180074691772,0.9617771506309509,-0.9827912131331686,-0.9617503562949423
26221,0,5,2.679433600860648e-05,0.9830489158630371,2.7930069336434826e-05,-0.9830221215270285,-1.1357333278283477e-06
26221,0,10,2.679433600860648e-05,0.8688437342643738,0.9533188343048096,-0.8688169399283652,-0.953292039968801
27003,0,1,1.9639466700027697e-05,0.37298303842544556,1.9639466700027697e-05,-0.37296339895874553,0.0
27003,0,3,1.9639466700027697e-05,0.5734845399856567,1.8289618310518563e-05,-0.5734649005189567,1.349848389509134e-06
27003,0,5,1.9639466700027697e-05,0.5292115807533264,0.0005901730037294328,-0.5291919412866264,-0.0005705335370294051
27003,0,10,1.9639466700027697e-05,0.6597590446472168,3.816594835370779e-05,-0.6597394051805168,-1.8526481653680094e-05
27049,0,1,7.138102228054777e-05,0.766485333442688,7.138102228054777e-05,-0.7664139524204074,0.0
27049,0,3,7.138102228054777e-05,0.9779215455055237,0.0019095715833827853,-0.9778501644832431,-0.0018381905611022376
27049,0,5,7.138102228054777e-05,0.9761272072792053,4.228207762935199e-05,-0.9760558262569248,2.909894465119578e-05
27049,0,10,7.138102228054777e-05,0.986849308013916,0.0012241844087839127,-0.9867779269916355,-0.0011528033865033649
27170,0,1,1.2277807400096208e-05,0.3222915232181549,2.0582161596394144e-05,-0.3222792454107548,-8.304354196297936e-06
27170,0,3,1.2277807400096208e-05,0.948420524597168,1.0550509614404291e-05,-0.9484082467897679,1.727297785691917e-06
27170,0,5,1.2277807400096208e-05,0.8520156741142273,0.00029547500889748335,-0.8520033963068272,-0.00028319720149738714
27170,0,10,1.2277807400096208e-05,0.7632809281349182,3.5224224120611325e-05,-0.7632686503275181,-2.2946416720515117e-05
27646,0,1,1.7686439605313353e-05,0.33434754610061646,1.0272874533256982e-05,-0.33432985966101114,7.413565072056372e-06
27646,0,3,1.7686439605313353e-05,0.9572014212608337,1.769052141753491e-05,-0.9571837348212284,-4.081812221556902e-09
27646,0,5,1.7686439605313353e-05,0.8216484189033508,1.7686439605313353e-05,-0.8216307324637455,0.0
27646,0,10,1.7686439605313353e-05,0.807141125202179,1.553979018353857e-05,-0.8071234387625736,2.1466494217747822e-06
27695,0,1,3.1622941605746746e-05,0.925787627696991,3.1622941605746746e-05,-0.9257560047553852,0.0
27695,0,3,3.1622941605746746e-05,0.9984508752822876,3.1622941605746746e-05,-0.9984192523406819,0.0
27695,0,5,3.1622941605746746e-05,0.9772235155105591,2.929094262071885e-05,-0.9771918925689533,2.3319989850278944e-06
27695,0,10,3.1622941605746746e-05,0.8681384325027466,4.3531606934266165e-05,-0.8681068095611408,-1.1908665328519419e-05
27941,0,1,0.0007382526528090239,0.9750629663467407,0.0003919989976566285,-0.9743247136939317,0.00034625365515239537
27941,0,3,0.0007382526528090239,0.9972068667411804,0.9454172849655151,-0.9964686140883714,-0.9446790323127061
27941,0,5,0.0007382526528090239,0.9889161586761475,0.0004179533279966563,-0.9881779060233384,0.00032029932481236756
27941,0,10,0.0007382526528090239,0.9740846157073975,0.00043648123391903937,-0.9733463630545884,0.0003017714188899845
28388,0,1,3.588439994928194e-06,0.025616943836212158,3.653908152045915e-06,-0.02561335539621723,-6.546815711772069e-08
28388,0,3,3.588439994928194e-06,0.7071401476860046,3.1091944947547745e-06,-0.7071365592460097,4.792455001734197e-07
28388,0,5,3.588439994928194e-06,0.2500283718109131,0.09600609540939331,-0.25002478337091816,-0.09600250696939838
28388,0,10,3.588439994928194e-06,0.39522865414619446,0.00014208717038854957,-0.39522506570619953,-0.00013849873039362137
28564,0,1,3.540362376952544e-05,0.18019253015518188,3.6810379242524505e-05,-0.18015712653141236,-1.4067554729990661e-06
28564,0,3,3.540362376952544e-05,0.8491862416267395,3.758977982215583e-05,-0.84915083800297,-2.1861560526303947e-06
28564,0,5,3.540362376952544e-05,0.579177737236023,2.8653863409999758e-05,-0.5791423336122534,6.7497603595256805e-06
28564,0,10,3.540362376952544e-05,0.6554872989654541,3.2260777516057715e-05,-0.6554518953416846,3.1428462534677237e-06
28583,0,1,3.24316970363725e-05,0.7680128216743469,3.24316970363725e-05,-0.7679803899773106,0.0
28583,0,3,3.24316970363725e-05,0.9831576943397522,4.900159183307551e-05,-0.9831252626427158,-1.656989479670301e-05
28583,0,5,3.24316970363725e-05,0.7725147604942322,2.9882057788199745e-05,-0.7724823287971958,2.5496392481727526e-06
28583,0,10,3.24316970363725e-05,0.725050151348114,0.7306482195854187,-0.7250177196510776,-0.7306157878883823
28597,0,1,7.611142791574821e-06,0.02291937917470932,7.611142791574821e-06,-0.022911768031917745,0.0
28597,0,3,7.611142791574821e-06,0.7084373831748962,6.5487133724673185e-06,-0.7084297720321047,1.0624294191075023e-06
28597,0,5,7.611142791574821e-06,0.8312898874282837,1.2313488696236163e-05,-0.8312822762854921,-4.7023459046613425e-06
28597,0,10,7.611142791574821e-06,0.9476591944694519,4.3319300857547205e-06,-0.9476515833266603,3.2792127058201004e-06
28691,0,1,1.486228848079918e-05,0.8897584676742554,1.486228848079918e-05,-0.8897436053857746,0.0
28691,0,3,1.486228848079918e-05,0.9655227065086365,1.7814532839111052e-05,-0.9655078442201557,-2.952244358311873e-06
28691,0,5,1.486228848079918e-05,0.9874150156974792,0.889555037021637,-0.9874001534089984,-0.8895401747331562
28691,0,10,1.486228848079918e-05,0.928858757019043,5.690617399523035e-05,-0.9288438947305622,-4.204388551443117e-05
29045,0,1,2.611970376165118e-05,0.9403500556945801,2.7828769816551358e-05,-0.9403239359908184,-1.7090660549001768e-06
29045,0,3,2.611970376165118e-05,0.9992383718490601,0.0002991071669384837,-0.9992122521452984,-0.00027298746317683253
29045,0,5,2.611970376165118e-05,0.9777597784996033,2.611970376165118e-05,-0.9777336587958416,0.0
29045,0,10,2.611970376165118e-05,0.602749764919281,0.8805049061775208,-0.6027236452155194,-0.8804787864737591
29241,0,1,0.00010339591244701296,0.5460414886474609,0.5460414886474609,-0.5459380927350139,-0.5459380927350139
29241,0,3,0.00010339591244701296,0.7103766798973083,6.678208592347801e-05,-0.7102732839848613,3.6613826523534954e-05
29241,0,5,0.00010339591244701296,0.5262993574142456,5.48688622075133e-05,-0.5261959615017986,4.852705023949966e-05
29241,0,10,0.00010339591244701296,0.7977623343467712,0.6430181860923767,-0.7976589384343242,-0.6429147901799297
30233,0,1,1.632271050766576e-05,0.30751633644104004,1.3929854503658134e-05,-0.3075000137305324,2.3928560040076263e-06
30233,0,3,1.632271050766576e-05,0.6042439937591553,1.3929854503658134e-05,-0.6042276710486476,2.3928560040076263e-06
30233,0,5,1.632271050766576e-05,0.8045712113380432,0.3529645502567291,-0.8045548886275355,-0.35294822754622146
30233,0,10,1.632271050766576e-05,0.8155472278594971,2.3096705263014883e-05,-0.8155309051489894,-6.773994755349122e-06
30271,0,1,1.3812689758196939e-05,0.365641713142395,1.3812689758196939e-05,-0.3656279004526368,0.0
30271,0,3,1.3812689758196939e-05,0.9483681321144104,1.0901341738644987e-05,-0.9483543194246522,2.9113480195519514e-06
30271,0,5,1.3812689758196939e-05,0.9123114347457886,0.10442665219306946,-0.9122976220560304,-0.10441283950331126
30271,0,10,1.3812689758196939e-05,0.8806825876235962,2.2635173081653193e-05,-0.880668774933838,-8.822483323456254e-06
30814,0,1,1.5758378140162677e-05,0.3051934540271759,1.4486324289464392e-05,-0.30517769564903574,1.2720538506982848e-06
30814,0,3,1.5758378140162677e-05,0.9484027624130249,7.2563329922559205e-06,-0.9483870040348847,8.502045147906756e-06
30814,0,5,1.5758378140162677e-05,0.7729869484901428,2.357686753384769e-05,-0.7729711901120027,-7.818489393685013e-06
30814,0,10,1.5758378140162677e-05,0.848519504070282,2.798512468871195e-05,-0.8485037456921418,-1.2226746548549272e-05
31378,0,1,6.220068826223724e-06,0.014656374230980873,9.897597919916734e-06,-0.01465015416215465,-3.6775290936930105e-06
31378,0,3,6.220068826223724e-06,0.5515697598457336,9.897597919916734e-06,-0.5515635397769074,-3.6775290936930105e-06
31378,0,5,6.220068826223724e-06,0.6699216961860657,0.5515697598457336,-0.6699154761172395,-0.5515635397769074
31378,0,10,6.220068826223724e-06,0.5341004729270935,0.11753461509943008,-0.5340942528582673,-0.11752839503060386
31469,0,1,1.9442548364168033e-05,0.27137070894241333,0.27137070894241333,-0.27135126639404916,-0.27135126639404916
31469,0,3,1.9442548364168033e-05,0.9408127069473267,0.0005183039465919137,-0.9407932643989625,-0.0004988613982277457
31469,0,5,1.9442548364168033e-05,0.8189534544944763,1.908207377709914e-05,-0.8189340119461122,3.60474587068893e-07
31469,0,10,1.9442548364168033e-05,0.6733424663543701,4.0521939808968455e-05,-0.673323023806006,-2.107939144480042e-05
31962,0,1,1.1441674359957688e-05,0.08090643584728241,7.922413715277798e-06,-0.08089499417292245,3.519260644679889e-06
31962,0,3,1.1441674359957688e-05,0.8975741863250732,2.5446401195949875e-05,-0.8975627446507133,-1.4004726835992187e-05
31962,0,5,1.1441674359957688e-05,0.5725246667861938,1.4221847777662333e-05,-0.5725132251118339,-2.7801734177046455e-06
31962,0,10,1.1441674359957688e-05,0.6336572170257568,0.06577736139297485,-0.6336457753513969,-0.0657659197186149
32305,0,1,4.21903605456464e-05,0.9686175584793091,4.21903605456464e-05,-0.9685753681187634,0.0
32305,0,3,4.21903605456464e-05,0.9994899034500122,4.21903605456464e-05,-0.9994477130894666,0.0
32305,0,5,4.21903605456464e-05,0.9948673248291016,4.21903605456464e-05,-0.9948251344685559,0.0
32305,0,10,4.21903605456464e-05,0.8904771208763123,1.423943649569992e-05,-0.8904349305157666,2.795092404994648e-05
32664,0,1,2.9394312150543556e-05,0.7876290082931519,5.2190465794410557e-05,-0.7875996139810013,-2.2796153643867e-05
32664,0,3,2.9394312150543556e-05,0.9916252493858337,5.437962681753561e-05,-0.9915958550736832,-2.4985314666992053e-05
32664,0,5,2.9394312150543556e-05,0.9773941040039062,2.7654219593387097e-05,-0.9773647096917557,1.7400925571564585e-06
32664,0,10,2.9394312150543556e-05,0.979706346988678,0.9956274032592773,-0.9796769526765274,-0.9955980089471268
32875,0,1,5.003825208405033e-05,0.968008279800415,5.003825208405033e-05,-0.967958241548331,0.0
32875,0,3,5.003825208405033e-05,0.9868761301040649,6.0907470469828695e-05,-0.9868260918519809,-1.0869218385778368e-05
32875,0,5,5.003825208405033e-05,0.9898084998130798,0.0012070919619873166,-0.9897584615609958,-0.0011570537099032663
32875,0,10,5.003825208405033e-05,0.8563287258148193,2.43612867052434e-05,-0.8562786875627353,2.5676965378806926e-05
33040,0,1,7.091586303431541e-05,0.9508605599403381,8.102603169390932e-05,-0.9507896440773038,-1.011016865959391e-05
33040,0,3,7.091586303431541e-05,0.9935778379440308,8.102603169390932e-05,-0.9935069220809964,-1.011016865959391e-05
33040,0,5,7.091586303431541e-05,0.9870333671569824,7.370905223069713e-05,-0.9869624512939481,-2.793189196381718e-06
33040,0,10,7.091586303431541e-05,0.7070180773735046,9.086952923098579e-05,-0.7069471615104703,-1.9953666196670383e-05
33260,0,1,3.423301677685231e-05,0.21422278881072998,3.2367741368943825e-05,-0.21418855579395313,1.8652754079084843e-06
33260,0,3,3.423301677685231e-05,0.3630090653896332,2.5159351935144514e-05,-0.3629748323728563,9.073664841707796e-06
33260,0,5,3.423301677685231e-05,0.715025007724762,2.3414129827870056e-05,-0.7149907747079851,1.0818886948982254e-05
33260,0,10,3.423301677685231e-05,0.768863320350647,0.2394775152206421,-0.7688290873338701,-0.23944328220386524
33515,0,1,8.7831198470667e-05,0.9438364505767822,0.0023401568178087473,-0.9437486193783116,-0.0022523256193380803
33515,0,3,8.7831198470667e-05,0.991543173789978,4.874571823165752e-05,-0.9914553425915074,3.9085480239009485e-05
33515,0,5,8.7831198470667e-05,0.9866401553153992,8.240948955062777e-05,-0.9865523241169285,5.4217089200392365e-06
33515,0,10,8.7831198470667e-05,0.9644788503646851,0.960232675075531,-0.9643910191662144,-0.9601448438770603
33744,0,1,9.678838978288695e-06,0.4498346745967865,1.0376160389569122e-05,-0.4498249957578082,-6.973214112804271e-07
33744,0,3,9.678838978288695e-06,0.7094936370849609,9.678838978288695e-06,-0.7094839582459826,0.0
33744,0,5,9.678838978288695e-06,0.7296500205993652,9.771304576133844e-06,-0.729640341760387,-9.24655978451483e-08
33744,0,10,9.678838978288695e-06,0.8795467019081116,0.00015287587302736938,-0.8795370230691333,-0.00014319703404908068
33891,0,1,2.345368375245016e-05,0.19392940402030945,2.345368375245016e-05,-0.193905950336557,0.0
33891,0,3,2.345368375245016e-05,0.4133601188659668,3.246223786845803e-05,-0.41333666518221435,-9.008554116007872e-06
33891,0,5,2.345368375245016e-05,0.7216929793357849,2.563064481364563e-05,-0.7216695256520325,-2.1769610611954704e-06
33891,0,10,2.345368375245016e-05,0.7629967331886292,0.22173482179641724,-0.7629732795048767,-0.2217113681126648
34559,0,1,9.974130080081522e-06,0.07232468575239182,9.974130080081522e-06,-0.07231471162231173,0.0
34559,0,3,9.974130080081522e-06,0.23834243416786194,9.264321306545753e-06,-0.23833246003778186,7.098087735357694e-07
34559,0,5,9.974130080081522e-06,0.36557018756866455,2.0263420083210804e-05,-0.36556021343858447,-1.0289290003129281e-05
34559,0,10,9.974130080081522e-06,0.4499899446964264,0.04335404187440872,-0.4499799705663463,-0.04334406774432864
34992,0,1,5.48634234291967e-05,0.6248061060905457,5.48634234291967e-05,-0.6247512426671165,0.0
34992,0,3,5.48634234291967e-05,0.8059452176094055,0.6082409620285034,-0.8058903541859763,-0.6081860986050742
34992,0,5,5.48634234291967e-05,0.6709680557250977,0.0017175455577671528,-0.6709131923016685,-0.001662682134337956
34992,0,10,5.48634234291967e-05,0.6907084584236145,6.41015576547943e-05,-0.6906535950001853,-9.238134225597605e-06
35454,0,1,2.53324797085952e-05,0.8130981922149658,0.8130981922149658,-0.8130728597352572,-0.8130728597352572
35454,0,3,2.53324797085952e-05,0.9509949684143066,3.0089777283137664e-05,-0.950969635934598,-4.757297574542463e-06
35454,0,5,2.53324797085952e-05,0.9077874422073364,2.4625935111544095e-05,-0.9077621097276278,7.065445970511064e-07
35454,0,10,2.53324797085952e-05,0.85928875207901,7.717311382293701e-05,-0.8592634195993014,-5.184063411434181e-05
35896,0,1,9.294613846577704e-06,0.018245883285999298,1.2509709449659567e-05,-0.01823658867215272,-3.2150956030818634e-06
35896,0,3,9.294613846577704e-06,0.6141160130500793,8.46845159685472e-06,-0.6141067184362328,8.261622497229837e-07
35896,0,5,9.294613846577704e-06,0.8632559776306152,1.0904876035056077e-05,-0.8632466830167687,-1.610262188478373e-06
35896,0,10,9.294613846577704e-06,0.8636863231658936,0.1097031682729721,-0.863677028552047,-0.10969387365912553
35907,0,1,9.96946546365507e-05,0.9465010762214661,0.00014346149691846222,-0.9464013815668295,-4.376684228191152e-05
35907,0,3,9.96946546365507e-05,0.9919542670249939,0.00011613775131991133,-0.9918545723703573,-1.6443096683360636e-05
35907,0,5,9.96946546365507e-05,0.9828113317489624,0.0001277076662518084,-0.9827116370943259,-2.801301161525771e-05
35907,0,10,9.96946546365507e-05,0.8989885449409485,6.261422822717577e-05,-0.8988888502863119,3.708042640937492e-05
35978,0,1,8.162795893440489e-06,0.05723808705806732,8.162795893440489e-06,-0.05722992426217388,0.0
35978,0,3,8.162795893440489e-06,0.822108268737793,0.0307502131909132,-0.8221001059418995,-0.03074205039501976
35978,0,5,8.162795893440489e-06,0.5312294363975525,0.0002307308022864163,-0.531221273601659,-0.0002225680063929758
35978,0,10,8.162795893440489e-06,0.5990121364593506,0.00038687727646902204,-0.5990039736634571,-0.00037871448057558155
36526,0,1,1.8464063032297418e-05,0.33808550238609314,1.8464063032297418e-05,-0.33806703832306084,0.0
36526,0,3,1.8464063032297418e-05,0.6107962131500244,2.4484894311171956e-05,-0.6107777490869921,-6.020831278874539e-06
36526,0,5,1.8464063032297418e-05,0.7360674738883972,2.1560766981565394e-05,-0.7360490098253649,-3.096703949267976e-06
36526,0,10,1.8464063032297418e-05,0.7744677066802979,1.3646536899614148e-05,-0.7744492426172656,4.81752613268327e-06
36827,0,1,8.878241351339966e-05,0.9588501453399658,8.161616278812289e-05,-0.9587613629264524,7.166250725276768e-06
36827,0,3,8.878241351339966e-05,0.9957141280174255,9.925157792167738e-05,-0.9956253456039121,-1.046916440827772e-05
36827,0,5,8.878241351339966e-05,0.9901726245880127,0.00015343505947384983,-0.9900838421744993,-6.465264596045017e-05
36827,0,10,8.878241351339966e-05,0.7347087860107422,0.9145632386207581,-0.7346200035972288,-0.9144744562072447
37049,0,1,7.788113180140499e-06,0.05629769712686539,7.788113180140499e-06,-0.056289909013685246,0.0
37049,0,3,7.788113180140499e-06,0.8387703895568848,7.788113180140499e-06,-0.8387626014437046,0.0
37049,0,5,7.788113180140499e-06,0.37389859557151794,7.788113180140499e-06,-0.3738908074583378,0.0
37049,0,10,7.788113180140499e-06,0.5613276958465576,2.800229049171321e-05,-0.5613199077333775,-2.0214177311572712e-05
37255,0,1,1.6480171325383708e-05,0.05745946243405342,0.0004844786017201841,-0.05744298226272804,-0.0004679984303948004
37255,0,3,1.6480171325383708e-05,0.4547297954559326,1.2667300325119868e-05,-0.45471331528460723,3.81287100026384e-06
37255,0,5,1.6480171325383708e-05,0.6736974120140076,1.0087948794534896e-05,-0.6736809318426822,6.392222530848812e-06
37255,0,10,1.6480171325383708e-05,0.7442977428436279,0.16286100447177887,-0.7442812626723025,-0.16284452430045349
37406,0,1,3.517538425512612e-05,0.934363603591919,1.3574318472819868e-05,-0.9343284282076638,2.160106578230625e-05
37406,0,3,3.517538425512612e-05,0.9679800271987915,3.956445289077237e-05,-0.9679448518145364,-4.389068635646254e-06
37406,0,5,3.517538425512612e-05,0.9626496434211731,2.6948373488266952e-05,-0.962614468036918,8.227010766859166e-06
37406,0,10,3.517538425512612e-05,0.6920374631881714,3.541358091752045e-05,-0.6920022878039163,-2.381966623943299e-07
37431,0,1,6.626949470955878e-05,0.83931964635849,6.128752283984795e-05,-0.8392533768637804,4.981971869710833e-06
37431,0,3,6.626949470955878e-05,0.9857032895088196,5.1244700443930924e-05,-0.98563702001411,1.5024794265627861e-05
37431,0,5,6.626949470955878e-05,0.9826781153678894,5.065393997938372e-05,-0.9826118458731798,1.5615554730175063e-05
37431,0,10,6.626949470955878e-05,0.9858993887901306,5.860674355062656e-05,-0.9858331192954211,7.662751158932224e-06
38396,0,1,3.134279540972784e-05,0.9570925235748291,3.134279540972784e-05,-0.9570611807794194,0.0
38396,0,3,3.134279540972784e-05,0.9868595600128174,3.134279540972784e-05,-0.9868282172174077,0.0
38396,0,5,3.134279540972784e-05,0.9757569432258606,0.9636225700378418,-0.9757256004304509,-0.9635912272424321
38396,0,10,3.134279540972784e-05,0.9432141184806824,5.0838218157878146e-05,-0.9431827756852726,-1.9495422748150304e-05
39219,0,1,1.1272864867351018e-05,0.06716855615377426,1.1414352229621727e-05,-0.06715728328890691,-1.4148736227070913e-07
39219,0,3,1.1272864867351018e-05,0.21475502848625183,5.681400125467917e-06,-0.21474375562138448,5.591464741883101e-06
39219,0,5,1.1272864867351018e-05,0.4244024455547333,6.79697586747352e-06,-0.4243911726898659,4.4758889998774976e-06
39219,0,10,1.1272864867351018e-05,0.5081170797348022,7.320585609704722e-06,-0.5081058068699349,3.952279257646296e-06
39639,0,1,1.7535019651404582e-05,0.8389379978179932,1.7535019651404582e-05,-0.8389204627983418,0.0
39639,0,3,1.7535019651404582e-05,0.9979671835899353,2.2305941456579603e-05,-0.9979496485702839,-4.770921805175021e-06
39639,0,5,1.7535019651404582e-05,0.9620227217674255,2.3842358132242225e-05,-0.9620051867477741,-6.307338480837643e-06
39639,0,10,1.7535019651404582e-05,0.7031001448631287,0.00010373612894909456,-0.7030826098434773,-8.620110929768998e-05
40093,0,1,1.54924564412795e-05,0.9069304466247559,1.54924564412795e-05,-0.9069149541683146,0.0
40093,0,3,1.54924564412795e-05,0.9771718382835388,1.54924564412795e-05,-0.9771563458270975,0.0
40093,0,5,1.54924564412795e-05,0.9935965538024902,0.8330421447753906,-0.993581061346049,-0.8330266523189493
40093,0,10,1.54924564412795e-05,0.894199788570404,0.00019806386262644082,-0.8941842961139628,-0.00018257140618516132
40131,0,1,3.999391265097074e-05,0.9715928435325623,3.999391265097074e-05,-0.9715528496199113,0.0
40131,0,3,3.999391265097074e-05,0.9997231364250183,3.999391265097074e-05,-0.9996831425123673,0.0
40131,0,5,3.999391265097074e-05,0.9757797718048096,1.2143520507379435e-05,-0.9757397778921586,2.7850392143591307e-05
40131,0,10,3.999391265097074e-05,0.9078260064125061,3.4480286558391526e-05,-0.9077860124998551,5.513626092579216e-06
40669,0,1,0.0011298578465357423,0.009253847412765026,0.0028335561510175467,-0.008123989566229284,-0.0017036983044818044
40669,0,3,0.0011298578465357423,0.529647946357727,0.0019871178083121777,-0.5285180885111913,-0.0008572599617764354
40669,0,5,0.0011298578465357423,0.8092415928840637,0.025798073038458824,-0.808111735037528,-0.024668215191923082
40669,0,10,0.0011298578465357423,0.9648024439811707,0.007710502948611975,-0.9636725861346349,-0.006580645102076232
40722,0,1,0.9957160353660583,0.9602632522583008,0.9961211085319519,0.03545278310775757,-0.0004050731658935547
40722,0,3,0.9957160353660583,0.9092143774032593,0.9938020706176758,0.08650165796279907,0.0019139647483825684
40722,0,5,0.9957160353660583,0.9471791386604309,0.9964260458946228,0.04853689670562744,-0.0007100105285644531
40722,0,10,0.9957160353660583,0.6701806783676147,0.9794386625289917,0.3255353569984436,0.01627737283706665
41043,0,1,0.0013420109171420336,0.013145744800567627,0.0009818938560783863,-0.011803733883425593,0.00036011706106364727
41043,0,3,0.0013420109171420336,0.36439254879951477,0.00434526102617383,-0.36305053788237274,-0.0030032501090317965
41043,0,5,0.0013420109171420336,0.6654643416404724,0.042692605406045914,-0.6641223307233304,-0.04135059448890388
41043,0,10,0.0013420109171420336,0.9312824010848999,0.03210057318210602,-0.9299403901677579,-0.030758562264963984
41229,0,1,0.0022566509433090687,0.022713402286171913,0.0022566509433090687,-0.020456751342862844,0.0
41229,0,3,0.0022566509433090687,0.07801689952611923,0.003111928701400757,-0.07576024858281016,-0.0008552777580916882
41229,0,5,0.0022566509433090687,0.5915601253509521,0.005079502239823341,-0.5893034744076431,-0.0028228512965142727
41229,0,10,0.0022566509433090687,0.8268680572509766,0.2290879338979721,-0.8246114063076675,-0.22683128295466304
41243,0,1,0.0012148902751505375,0.01399239245802164,0.0012148902751505375,-0.012777502182871103,0.0
41243,0,3,0.0012148902751505375,0.05685235559940338,0.0026212066877633333,-0.055637465324252844,-0.0014063164126127958
41243,0,5,0.0012148902751505375,0.332133412361145,0.018144702538847923,-0.3309185220859945,-0.016929812263697386
41243,0,10,0.0012148902751505375,0.6815310120582581,0.014915202744305134,-0.6803161217831075,-0.013700312469154596
42010,0,1,0.7219833135604858,0.7219833135604858,0.7341548800468445,0.0,-0.012171566486358643
42010,0,3,0.7219833135604858,0.7697250247001648,0.7697250247001648,-0.047741711139678955,-0.047741711139678955
42010,0,5,0.7219833135604858,0.8659616708755493,0.7599578499794006,-0.14397835731506348,-0.037974536418914795
42010,0,10,0.7219833135604858,0.9241223335266113,0.8898267149925232,-0.2021390199661255,-0.16784340143203735
42285,0,1,0.7096246480941772,0.7096246480941772,0.7096246480941772,0.0,0.0
42285,0,3,0.7096246480941772,0.857724666595459,0.7096246480941772,-0.14810001850128174,0.0
42285,0,5,0.7096246480941772,0.9232781529426575,0.8589830994606018,-0.21365350484848022,-0.14935845136642456
42285,0,10,0.7096246480941772,0.9227731823921204,0.7237989902496338,-0.21314853429794312,-0.014174342155456543
42323,0,1,0.9540155529975891,0.627977728843689,0.9593448042869568,0.32603782415390015,-0.005329251289367676
42323,0,3,0.9540155529975891,0.8216220140457153,0.9582099914550781,0.13239353895187378,-0.004194438457489014
42323,0,5,0.9540155529975891,0.9474999308586121,0.9539171457290649,0.006515622138977051,9.840726852416992e-05
42323,0,10,0.9540155529975891,0.9000833034515381,0.9699823260307312,0.053932249546051025,-0.01596677303314209
42373,0,1,0.8103433847427368,0.8103433847427368,0.8195889592170715,0.0,-0.009245574474334717
42373,0,3,0.8103433847427368,0.9316751956939697,0.9073593616485596,-0.12133181095123291,-0.09701597690582275
42373,0,5,0.8103433847427368,0.7974700927734375,0.9588982462882996,0.012873291969299316,-0.14855486154556274
42373,0,10,0.8103433847427368,0.8889623880386353,0.9292841553688049,-0.07861900329589844,-0.11894077062606812
42852,0,1,0.6181957721710205,0.6181957721710205,0.5728885531425476,0.0,0.0453072190284729
42852,0,3,0.6181957721710205,0.7268458604812622,0.7367749214172363,-0.1086500883102417,-0.11857914924621582
42852,0,5,0.6181957721710205,0.7366685271263123,0.6752569079399109,-0.11847275495529175,-0.05706113576889038
42852,0,10,0.6181957721710205,0.7288799285888672,0.7991902828216553,-0.11068415641784668,-0.18099451065063477
43036,0,1,0.2234131097793579,0.2234131097793579,0.43079039454460144,0.0,-0.20737728476524353
43036,0,3,0.2234131097793579,0.47552061080932617,0.2234131097793579,-0.25210750102996826,0.0
43036,0,5,0.2234131097793579,0.7691790461540222,0.43079039454460144,-0.5457659363746643,-0.20737728476524353
43036,0,10,0.2234131097793579,0.9381599426269531,0.34668222069740295,-0.7147468328475952,-0.12326911091804504
43252,0,1,7.955556066008285e-05,0.7668086886405945,7.955556066008285e-05,-0.7667291330799344,0.0
43252,0,3,7.955556066008285e-05,0.9747447967529297,0.7633213996887207,-0.9746652411922696,-0.7632418441280606
43252,0,5,7.955556066008285e-05,0.9962931275367737,0.0006498204893432558,-0.9962135719761136,-0.0005702649286831729
43252,0,10,7.955556066008285e-05,0.9924079179763794,0.8091919422149658,-0.9923283624157193,-0.8091123866543057
43285,0,1,0.3441998362541199,0.3441998362541199,0.3352859616279602,0.0,0.008913874626159668
43285,0,3,0.3441998362541199,0.5669901371002197,0.22927960753440857,-0.22279030084609985,0.1149202287197113
43285,0,5,0.3441998362541199,0.7800504565238953,0.4516194760799408,-0.4358506202697754,-0.10741963982582092
43285,0,10,0.3441998362541199,0.8323965072631836,0.7542182207107544,-0.4881966710090637,-0.4100183844566345
43469,0,1,0.836172342300415,0.836172342300415,0.836172342300415,0.0,0.0
43469,0,3,0.836172342300415,0.9716593027114868,0.7759833931922913,-0.13548696041107178,0.06018894910812378
43469,0,5,0.836172342300415,0.770572304725647,0.25073614716529846,0.06560003757476807,0.5854361951351166
43469,0,10,0.836172342300415,0.8173330426216125,0.6307274103164673,0.01883929967880249,0.20544493198394775
43490,0,1,0.9206656217575073,0.9206656217575073,0.9206656217575073,0.0,0.0
43490,0,3,0.9206656217575073,0.9824152588844299,0.9206656217575073,-0.06174963712692261,0.0
43490,0,5,0.9206656217575073,0.9906674027442932,0.9206656217575073,-0.07000178098678589,0.0
43490,0,10,0.9206656217575073,0.9629674553871155,0.81629878282547,-0.042301833629608154,0.10436683893203735
43912,1,1,0.9915498495101929,0.9915498495101929,0.9915498495101929,0.0,0.0
43912,1,3,0.9915498495101929,0.9079750180244446,0.9843442440032959,0.08357483148574829,0.007205605506896973
43912,1,5,0.9915498495101929,0.8603920936584473,0.9903896450996399,0.1311577558517456,0.0011602044105529785
43912,1,10,0.9915498495101929,0.7297831177711487,0.9816593527793884,0.2617667317390442,0.009890496730804443
44258,1,1,0.9449707269668579,0.9449707269668579,0.8877776265144348,0.0,0.057193100452423096
44258,1,3,0.9449707269668579,0.6723102927207947,0.9525875449180603,0.27266043424606323,-0.007616817951202393
44258,1,5,0.9449707269668579,0.671237051486969,0.9541528224945068,0.2737336754798889,-0.009182095527648926
44258,1,10,0.9449707269668579,0.8061943054199219,0.6552576422691345,0.13877642154693604,0.2897130846977234
44404,1,1,0.9935476183891296,0.9935476183891296,0.9906099438667297,0.0,0.0029376745223999023
44404,1,3,0.9935476183891296,0.9764332175254822,0.9935476183891296,0.01711440086364746,0.0
44404,1,5,0.9935476183891296,0.8637152314186096,0.9906099438667297,0.12983238697052002,0.0029376745223999023
44404,1,10,0.9935476183891296,0.929847776889801,0.9830310344696045,0.06369984149932861,0.010516583919525146
44440,1,1,0.982895016670227,0.9858863353729248,0.9857543706893921,-0.002991318702697754,-0.002859354019165039
44440,1,3,0.982895016670227,0.9829208254814148,0.9973575472831726,-2.580881118774414e-05,-0.014462530612945557
44440,1,5,0.982895016670227,0.976172685623169,0.9909290671348572,0.0067223310470581055,-0.008034050464630127
44440,1,10,0.982895016670227,0.7998037338256836,0.9938275218009949,0.18309128284454346,-0.010932505130767822
44622,1,1,0.8567029237747192,0.8567029237747192,0.8736249804496765,0.0,-0.016922056674957275
44622,1,3,0.8567029237747192,0.8600816130638123,0.8662307262420654,-0.0033786892890930176,-0.009527802467346191
44622,1,5,0.8567029237747192,0.7714295387268066,0.8328208327293396,0.0852733850479126,0.02388209104537964
44622,1,10,0.8567029237747192,0.7685893177986145,0.7370437979698181,0.08811360597610474,0.11965912580490112
45068,1,1,0.9997490048408508,0.9995978474617004,0.9996434450149536,0.00015115737915039062,0.0001055598258972168
45068,1,3,0.9997490048408508,0.9931318163871765,0.9993293285369873,0.006617188453674316,0.0004196763038635254
45068,1,5,0.9997490048408508,0.9249694347381592,0.9993305206298828,0.07477957010269165,0.0004184842109680176
45068,1,10,0.9997490048408508,0.8465595841407776,0.9991224408149719,0.15318942070007324,0.0006265640258789062
45467,1,1,0.8268181085586548,0.8268181085586548,0.8268181085586548,0.0,0.0
45467,1,3,0.8268181085586548,0.8019591569900513,0.8268181085586548,0.024858951568603516,0.0
45467,1,5,0.8268181085586548,0.8067070841789246,0.9464252591133118,0.020111024379730225,-0.11960715055465698
45467,1,10,0.8268181085586548,0.9319393634796143,0.9316045641899109,-0.10512125492095947,-0.1047864556312561
45496,1,1,0.11490412801504135,0.11490412801504135,0.12390176206827164,0.0,-0.008997634053230286
45496,1,3,0.11490412801504135,0.27053406834602356,0.42900019884109497,-0.1556299403309822,-0.3140960708260536
45496,1,5,0.11490412801504135,0.6056637167930603,0.3522837162017822,-0.49075958877801895,-0.23737958818674088
45496,1,10,0.11490412801504135,0.8106275200843811,0.1201585978269577,-0.6957233920693398,-0.005254469811916351
46696,1,1,0.9988927245140076,0.9992697834968567,0.9989497065544128,-0.0003770589828491211,-5.698204040527344e-05
46696,1,3,0.9988927245140076,0.9930893778800964,0.9808758497238159,0.005803346633911133,0.01801687479019165
46696,1,5,0.9988927245140076,0.9640846848487854,0.9949561953544617,0.03480803966522217,0.0039365291595458984
46696,1,10,0.9988927245140076,0.9176494479179382,0.9719876050949097,0.08124327659606934,0.0269051194190979
46714,1,1,0.9988910555839539,0.9985938668251038,0.9987420439720154,0.00029718875885009766,0.00014901161193847656
46714,1,3,0.9988910555839539,0.9961361289024353,0.9902278184890747,0.0027549266815185547,0.00866323709487915
46714,1,5,0.9988910555839539,0.9411604404449463,0.9958265423774719,0.05773061513900757,0.0030645132064819336
46714,1,10,0.9988910555839539,0.9001773595809937,0.9875155687332153,0.0987136960029602,0.011375486850738525
46735,1,1,0.9989689588546753,0.9989126920700073,0.9991853833198547,5.626678466796875e-05,-0.00021642446517944336
46735,1,3,0.9989689588546753,0.9854872226715088,0.9985449314117432,0.013481736183166504,0.0004240274429321289
46735,1,5,0.9989689588546753,0.9599050283432007,0.9983193278312683,0.03906393051147461,0.0006496310234069824
46735,1,10,0.9989689588546753,0.9543542861938477,0.998400866985321,0.04461467266082764,0.000568091869354248
46764,1,1,0.6016667485237122,0.6016667485237122,0.6016667485237122,0.0,0.0
46764,1,3,0.6016667485237122,0.41477566957473755,0.6234983801841736,0.1868910789489746,-0.021831631660461426
46764,1,5,0.6016667485237122,0.886694610118866,0.49815449118614197,-0.2850278615951538,0.10351225733757019
46764,1,10,0.6016667485237122,0.8379894495010376,0.9529445767402649,-0.23632270097732544,-0.35127782821655273
47128,1,1,0.9968814849853516,0.9968814849853516,0.9971766471862793,0.0,-0.0002951622009277344
47128,1,3,0.9968814849853516,0.8310495018959045,0.9941096305847168,0.16583198308944702,0.0027718544006347656
47128,1,5,0.9968814849853516,0.8462033271789551,0.9965884685516357,0.15067815780639648,0.0002930164337158203
47128,1,10,0.9968814849853516,0.8575974106788635,0.9758211970329285,0.13928407430648804,0.021060287952423096
47611,1,1,0.999836802482605,0.9975314140319824,0.999836802482605,0.0023053884506225586,0.0
47611,1,3,0.999836802482605,0.9165216088294983,0.9941838383674622,0.08331519365310669,0.005652964115142822
47611,1,5,0.999836802482605,0.6133872866630554,0.9998483657836914,0.38644951581954956,-1.1563301086425781e-05
47611,1,10,0.999836802482605,0.7407307028770447,0.9994914531707764,0.2591060996055603,0.0003453493118286133
47691,1,1,0.9999779462814331,0.9958934783935547,0.9999779462814331,0.004084467887878418,0.0
47691,1,3,0.9999779462814331,0.9586002230644226,0.9999643564224243,0.0413777232170105,1.3589859008789062e-05
47691,1,5,0.9999779462814331,0.8244399428367615,0.9999431371688843,0.17553800344467163,3.4809112548828125e-05
47691,1,10,0.9999779462814331,0.8482360243797302,0.9999731779098511,0.15174192190170288,4.76837158203125e-06
48007,1,1,0.9999138116836548,0.9891074299812317,0.9999138116836548,0.010806381702423096,0.0
48007,1,3,0.9999138116836548,0.9209019541740417,0.9998732805252075,0.07901185750961304,4.0531158447265625e-05
48007,1,5,0.9999138116836548,0.8093098402023315,0.9999138116836548,0.19060397148132324,0.0
48007,1,10,0.9999138116836548,0.8741008043289185,0.975628137588501,0.12581300735473633,0.02428567409515381
48062,1,1,0.9098864197731018,0.9098864197731018,0.8996099233627319,0.0,0.010276496410369873
48062,1,3,0.9098864197731018,0.752376139163971,0.9120986461639404,0.15751028060913086,-0.002212226390838623
48062,1,5,0.9098864197731018,0.7835254669189453,0.9496602416038513,0.1263609528541565,-0.03977382183074951
48062,1,10,0.9098864197731018,0.8337972164154053,0.5788870453834534,0.07608920335769653,0.33099937438964844
48251,1,1,0.9999535083770752,0.9913937449455261,0.9999535083770752,0.008559763431549072,0.0
48251,1,3,0.9999535083770752,0.9166557192802429,0.9999634027481079,0.08329778909683228,-9.894371032714844e-06
48251,1,5,0.9999535083770752,0.8119169473648071,0.9998811483383179,0.18803656101226807,7.236003875732422e-05
48251,1,10,0.9999535083770752,0.6996346116065979,0.9992546439170837,0.3003188967704773,0.0006988644599914551
48538,1,1,0.494808554649353,0.494808554649353,0.4432421624660492,0.0,0.05156639218330383
48538,1,3,0.494808554649353,0.7648680210113525,0.526689887046814,-0.2700594663619995,-0.03188133239746094
48538,1,5,0.494808554649353,0.9085820913314819,0.5781465172767639,-0.4137735366821289,-0.08333796262741089
48538,1,10,0.494808554649353,0.7832265496253967,0.6485963463783264,-0.2884179949760437,-0.1537877917289734
48856,1,1,0.9702694416046143,0.9702694416046143,0.9702694416046143,0.0,0.0
48856,1,3,0.9702694416046143,0.9721359610557556,0.9670183062553406,-0.0018665194511413574,0.0032511353492736816
48856,1,5,0.9702694416046143,0.7030336856842041,0.9705434441566467,0.26723575592041016,-0.0002740025520324707
48856,1,10,0.9702694416046143,0.5950854420661926,0.9647022485733032,0.37518399953842163,0.005567193031311035
48938,1,1,0.9817588329315186,0.9817588329315186,0.981179416179657,0.0,0.0005794167518615723
48938,1,3,0.9817588329315186,0.7856331467628479,0.9678505063056946,0.19612568616867065,0.013908326625823975
48938,1,5,0.9817588329315186,0.4786645770072937,0.9469766616821289,0.5030942559242249,0.03478217124938965
48938,1,10,0.9817588329315186,0.6246505379676819,0.9762021899223328,0.35710829496383667,0.005556643009185791
49334,1,1,0.30381321907043457,0.30381321907043457,0.39278554916381836,0.0,-0.08897233009338379
49334,1,3,0.30381321907043457,0.49475228786468506,0.5145905017852783,-0.1909390687942505,-0.21077728271484375
49334,1,5,0.30381321907043457,0.8160198330879211,0.3796990215778351,-0.5122066140174866,-0.07588580250740051
49334,1,10,0.30381321907043457,0.9079228639602661,0.9027177095413208,-0.6041096448898315,-0.5989044904708862
50210,1,1,0.9999126195907593,0.9921659231185913,0.9999051094055176,0.007746696472167969,7.510185241699219e-06
50210,1,3,0.9999126195907593,0.8988829255104065,0.9999234676361084,0.10102969408035278,-1.0848045349121094e-05
50210,1,5,0.9999126195907593,0.5083049535751343,0.9986876845359802,0.491607666015625,0.0012249350547790527
50210,1,10,0.9999126195907593,0.7280066013336182,0.9897457361221313,0.2719060182571411,0.01016688346862793
50248,1,1,0.9999560117721558,0.997574508190155,0.9999560117721558,0.0023815035820007324,0.0
50248,1,3,0.9999560117721558,0.9757477641105652,0.9999339580535889,0.024208247661590576,2.205371856689453e-05
50248,1,5,0.9999560117721558,0.46045470237731934,0.9998784065246582,0.5395013093948364,7.76052474975586e-05
50248,1,10,0.9999560117721558,0.9146198630332947,0.9999260902404785,0.08533614873886108,2.9921531677246094e-05
50680,1,1,0.9970858693122864,0.9970858693122864,0.9970858693122864,0.0,0.0
50680,1,3,0.9970858693122864,0.9733721613883972,0.9973817467689514,0.02371370792388916,-0.00029587745666503906
50680,1,5,0.9970858693122864,0.9272024035453796,0.9985803365707397,0.06988346576690674,-0.0014944672584533691
50680,1,10,0.9970858693122864,0.911776065826416,0.9971082806587219,0.08530980348587036,-2.2411346435546875e-05
50840,1,1,0.99985671043396,0.9859973192214966,0.99985671043396,0.013859391212463379,0.0
50840,1,3,0.99985671043396,0.9002814292907715,0.99985671043396,0.09957528114318848,0.0
50840,1,5,0.99985671043396,0.7840256690979004,0.9862307906150818,0.21583104133605957,0.013625919818878174
50840,1,10,0.99985671043396,0.8673979043960571,0.9999185800552368,0.13245880603790283,-6.186962127685547e-05
51306,1,1,0.9998186230659485,0.9984958171844482,0.9998186230659485,0.0013228058815002441,0.0
51306,1,3,0.9998186230659485,0.9897674918174744,0.9998186230659485,0.010051131248474121,0.0
51306,1,5,0.9998186230659485,0.7596476078033447,0.9998370409011841,0.24017101526260376,-1.8417835235595703e-05
51306,1,10,0.9998186230659485,0.9465248584747314,0.9928988218307495,0.05329376459121704,0.006919801235198975
51505,1,1,0.9998185038566589,0.9985687732696533,0.9998185038566589,0.0012497305870056152,0.0
51505,1,3,0.9998185038566589,0.9575509428977966,0.9998185038566589,0.042267560958862305,0.0
51505,1,5,0.9998185038566589,0.78666752576828,0.9918799996376038,0.2131509780883789,0.007938504219055176
51505,1,10,0.9998185038566589,0.9028373956680298,0.9997454285621643,0.09698110818862915,7.30752944946289e-05
51669,1,1,0.9999433755874634,0.9946011304855347,0.9999433755874634,0.005342245101928711,0.0
51669,1,3,0.9999433755874634,0.9212133884429932,0.9946011304855347,0.07872998714447021,0.005342245101928711
51669,1,5,0.9999433755874634,0.48549726605415344,0.999895453453064,0.5144461095333099,4.792213439941406e-05
51669,1,10,0.9999433755874634,0.5650215148925781,0.9999407529830933,0.43492186069488525,2.6226043701171875e-06
51862,1,1,0.9997244477272034,0.9749532341957092,0.9997244477272034,0.02477121353149414,0.0
51862,1,3,0.9997244477272034,0.8563787937164307,0.9817662835121155,0.1433456540107727,0.01795816421508789
51862,1,5,0.9997244477272034,0.7990725040435791,0.9988266825675964,0.20065194368362427,0.0008977651596069336
51862,1,10,0.9997244477272034,0.8406323194503784,0.9163441061973572,0.15909212827682495,0.08338034152984619
52182,1,1,0.99991774559021,0.9921659231185913,0.9921659231185913,0.007751822471618652,0.007751822471618652
52182,1,3,0.99991774559021,0.8988829255104065,0.9999240636825562,0.10103482007980347,-6.318092346191406e-06
52182,1,5,0.99991774559021,0.5083049535751343,0.999911904335022,0.4916127920150757,5.841255187988281e-06
52182,1,10,0.99991774559021,0.7455326914787292,0.9998775720596313,0.2543850541114807,4.017353057861328e-05
52557,1,1,0.9999494552612305,0.9939242005348206,0.999239444732666,0.006025254726409912,0.0007100105285644531
52557,1,3,0.9999494552612305,0.9198864102363586,0.9999494552612305,0.08006304502487183,0.0
52557,1,5,0.9999494552612305,0.5501412749290466,0.9999384880065918,0.44980818033218384,1.0967254638671875e-05
52557,1,10,0.9999494552612305,0.6937412619590759,0.9993472695350647,0.30620819330215454,0.0006021857261657715
52582,1,1,0.999275267124176,0.9981279969215393,0.9993690848350525,0.0011472702026367188,-9.381771087646484e-05
52582,1,3,0.999275267124176,0.9061791300773621,0.9987735152244568,0.09309613704681396,0.0005017518997192383
52582,1,5,0.999275267124176,0.8573753237724304,0.9816147685050964,0.1418999433517456,0.01766049861907959
52582,1,10,0.999275267124176,0.6190757155418396,0.9633244276046753,0.3801995515823364,0.03595083951950073
53802,1,1,0.9999516010284424,0.9938169121742249,0.9999516010284424,0.006134688854217529,0.0
53802,1,3,0.9999516010284424,0.9185797572135925,0.9999101161956787,0.08137184381484985,4.1484832763671875e-05
53802,1,5,0.9999516010284424,0.5457819700241089,0.9993568062782288,0.4541696310043335,0.000594794750213623
53802,1,10,0.9999516010284424,0.6899893879890442,0.9952619075775146,0.3099622130393982,0.004689693450927734
53907,1,1,0.9998262524604797,0.9976680874824524,0.9998317956924438,0.0021581649780273438,-5.543231964111328e-06
53907,1,3,0.9998262524604797,0.9104170203208923,0.9999070167541504,0.0894092321395874,-8.07642936706543e-05
53907,1,5,0.9998262524604797,0.594912588596344,0.9980923533439636,0.40491366386413574,0.0017338991165161133
53907,1,10,0.9998262524604797,0.7789282202720642,0.9976140260696411,0.22089803218841553,0.002212226390838623
53964,1,1,0.9996248483657837,0.9948192238807678,0.9996248483657837,0.004805624485015869,0.0
53964,1,3,0.9996248483657837,0.852583646774292,0.9995638728141785,0.1470412015914917,6.097555160522461e-05
53964,1,5,0.9996248483657837,0.5712441802024841,0.9996248483657837,0.42838066816329956,0.0
53964,1,10,0.9996248483657837,0.7875232696533203,0.9997827410697937,0.21210157871246338,-0.00015789270401000977
54018,1,1,0.9999179840087891,0.9995139837265015,0.9999179840087891,0.00040400028228759766,0.0
54018,1,3,0.9999179840087891,0.9773664474487305,0.9999179840087891,0.022551536560058594,0.0
54018,1,5,0.9999179840087891,0.507969856262207,0.9998949766159058,0.49194812774658203,2.300739288330078e-05
54018,1,10,0.9999179840087891,0.9101057052612305,0.9999215602874756,0.0898122787475586,-3.5762786865234375e-06
54242,1,1,0.9999597072601318,0.9949747323989868,0.9999597072601318,0.0049849748611450195,0.0
54242,1,3,0.9999597072601318,0.9270983934402466,0.9999597072601318,0.07286131381988525,0.0
54242,1,5,0.9999597072601318,0.5752701163291931,0.9999251365661621,0.4246895909309387,3.457069396972656e-05
54242,1,10,0.9999597072601318,0.7222231030464172,0.9972379207611084,0.2777366042137146,0.0027217864990234375
54311,1,1,0.999868631362915,0.9982370138168335,0.9998328685760498,0.001631617546081543,3.5762786865234375e-05
54311,1,3,0.999868631362915,0.925180196762085,0.999868631362915,0.07468843460083008,0.0
54311,1,5,0.999868631362915,0.6411778330802917,0.9999117851257324,0.3586907982826233,-4.315376281738281e-05
54311,1,10,0.999868631362915,0.7748332023620605,0.999868631362915,0.2250354290008545,0.0
54378,1,1,0.999956488609314,0.9953593611717224,0.999956488609314,0.004597127437591553,0.0
54378,1,3,0.999956488609314,0.9260286092758179,0.999956488609314,0.0739278793334961,0.0
54378,1,5,0.999956488609314,0.3479463756084442,0.9992536902427673,0.6520101130008698,0.0007027983665466309
54378,1,10,0.999956488609314,0.8562520742416382,0.9999762773513794,0.14370441436767578,-1.9788742065429688e-05
54455,1,1,0.7496210336685181,0.9865877032279968,0.7496210336685181,-0.23696666955947876,0.0
54455,1,3,0.7496210336685181,0.9681196808815002,0.7496210336685181,-0.21849864721298218,0.0
54455,1,5,0.7496210336685181,0.9910362958908081,0.7496210336685181,-0.24141526222229004,0.0
54455,1,10,0.7496210336685181,0.9303507208824158,0.9885290265083313,-0.1807296872138977,-0.23890799283981323
54572,1,1,0.9999765157699585,0.9966852068901062,0.9999748468399048,0.003291308879852295,1.6689300537109375e-06
54572,1,3,0.9999765157699585,0.9493231773376465,0.9999765157699585,0.05065333843231201,0.0
54572,1,5,0.9999765157699585,0.6672211289405823,0.9996987581253052,0.3327553868293762,0.0002777576446533203
54572,1,10,0.9999765157699585,0.814734697341919,0.9999619722366333,0.18524181842803955,1.4543533325195312e-05
55207,1,1,0.9999125003814697,0.9776023030281067,0.9999125003814697,0.022310197353363037,0.0
55207,1,3,0.9999125003814697,0.8643505573272705,0.9996888637542725,0.13556194305419922,0.00022363662719726562
55207,1,5,0.9999125003814697,0.6337814331054688,0.9998866319656372,0.366131067276001,2.586841583251953e-05
55207,1,10,0.9999125003814697,0.8077386021614075,0.9999154806137085,0.19217389822006226,-2.9802322387695312e-06
55801,1,1,0.9998342990875244,0.9985711574554443,0.9999006986618042,0.0012631416320800781,-6.639957427978516e-05
55801,1,3,0.9998342990875244,0.9502488970756531,0.9997228980064392,0.04958540201187134,0.00011140108108520508
55801,1,5,0.9998342990875244,0.7046619057655334,0.9998149275779724,0.29517239332199097,1.9371509552001953e-05
55801,1,10,0.9998342990875244,0.8317952752113342,0.998502254486084,0.16803902387619019,0.0013320446014404297
56128,1,1,0.9931049942970276,0.9931049942970276,0.9931049942970276,0.0,0.0
56128,1,3,0.9931049942970276,0.9898159503936768,0.9913415312767029,0.00328904390335083,0.001763463020324707
56128,1,5,0.9931049942970276,0.8647706508636475,0.9886794686317444,0.12833434343338013,0.004425525665283203
56128,1,10,0.9931049942970276,0.9401012659072876,0.9425618052482605,0.05300372838973999,0.05054318904876709
56723,1,1,0.9997147917747498,0.9953486323356628,0.9997420907020569,0.004366159439086914,-2.7298927307128906e-05
56723,1,3,0.9997147917747498,0.8810054659843445,0.9992976188659668,0.11870932579040527,0.000417172908782959
56723,1,5,0.9997147917747498,0.3616810142993927,0.9997147917747498,0.6380337774753571,0.0
56723,1,10,0.9997147917747498,0.7875232696533203,0.9964237809181213,0.21219152212142944,0.003291010856628418
57081,1,1,0.9998074173927307,0.9989681243896484,0.9998074173927307,0.0008392930030822754,0.0
57081,1,3,0.9998074173927307,0.9944828748703003,0.9997537732124329,0.00532454252243042,5.364418029785156e-05
57081,1,5,0.9998074173927307,0.9944828748703003,0.9997636675834656,0.00532454252243042,4.374980926513672e-05
57081,1,10,0.9998074173927307,0.9791369438171387,0.9989663362503052,0.02067047357559204,0.0008410811424255371
57320,1,1,0.9999392032623291,0.9972667694091797,0.9988190531730652,0.002672433853149414,0.001120150089263916
57320,1,3,0.9999392032623291,0.9725436568260193,0.9999392032623291,0.027395546436309814,0.0
57320,1,5,0.9999392032623291,0.5320001244544983,0.9998853206634521,0.4679390788078308,5.3882598876953125e-05
57320,1,10,0.9999392032623291,0.8491923213005066,0.9998834133148193,0.1507468819618225,5.5789947509765625e-05
57433,1,1,0.9976866245269775,0.9964092373847961,0.9976866245269775,0.0012773871421813965,0.0
57433,1,3,0.9976866245269775,0.9903366565704346,0.9968560934066772,0.007349967956542969,0.000830531120300293
57433,1,5,0.9976866245269775,0.9734416604042053,0.9967184662818909,0.024244964122772217,0.0009681582450866699
57433,1,10,0.9976866245269775,0.7575563788414001,0.9974925518035889,0.2401302456855774,0.00019407272338867188
57594,1,1,0.9861893057823181,0.9845017790794373,0.9861893057823181,0.0016875267028808594,0.0
57594,1,3,0.9861893057823181,0.9520027041435242,0.9269930720329285,0.034186601638793945,0.05919623374938965
57594,1,5,0.9861893057823181,0.8637157082557678,0.9787968397140503,0.12247359752655029,0.007392466068267822
57594,1,10,0.9861893057823181,0.907274067401886,0.9058218598365784,0.07891523838043213,0.08036744594573975
57812,1,1,0.9998533725738525,0.9978237152099609,0.999729573726654,0.0020296573638916016,0.00012379884719848633
57812,1,3,0.9998533725738525,0.9132683277130127,0.9998592138290405,0.08658504486083984,-5.841255187988281e-06
57812,1,5,0.9998533725738525,0.5076058506965637,0.9978237152099609,0.4922475218772888,0.0020296573638916016
57812,1,10,0.9998533725738525,0.7608811259269714,0.9974191188812256,0.2389722466468811,0.002434253692626953
58282,1,1,0.9999126195907593,0.9921659231185913,0.9999126195907593,0.007746696472167969,0.0
58282,1,3,0.9999126195907593,0.8988829255104065,0.9999126195907593,0.10102969408035278,0.0
58282,1,5,0.9999126195907593,0.5083049535751343,0.9999126195907593,0.491607666015625,0.0
58282,1,10,0.9999126195907593,0.7280066013336182,0.9846439361572266,0.2719060182571411,0.015268683433532715
58857,1,1,0.9999573230743408,0.9976915121078491,0.9999573230743408,0.0022658109664916992,0.0
58857,1,3,0.9999573230743408,0.9762439131736755,0.9999594688415527,0.023713409900665283,-2.1457672119140625e-06
58857,1,5,0.9999573230743408,0.7434336543083191,0.9999723434448242,0.25652366876602173,-1.5020370483398438e-05
58857,1,10,0.9999573230743408,0.9237073063850403,0.9995146989822388,0.07625001668930054,0.0004426240921020508
58937,1,1,0.8468672633171082,0.8468672633171082,0.8311489820480347,0.0,0.015718281269073486
58937,1,3,0.8468672633171082,0.7114557027816772,0.8468672633171082,0.1354115605354309,0.0
58937,1,5,0.8468672633171082,0.7114557027816772,0.6922202110290527,0.1354115605354309,0.15464705228805542
58937,1,10,0.8468672633171082,0.7750079035758972,0.9150038361549377,0.07185935974121094,-0.06813657283782959
58965,1,1,0.9998401403427124,0.9710987210273743,0.998127281665802,0.028741419315338135,0.0017128586769104004
58965,1,3,0.9998401403427124,0.8700444102287292,0.9998401403427124,0.12979573011398315,0.0
58965,1,5,0.9998401403427124,0.8591230511665344,0.9985629916191101,0.14071708917617798,0.001277148723602295
58965,1,10,0.9998401403427124,0.8966457843780518,0.9942732453346252,0.10319435596466064,0.005566895008087158
60554,1,1,0.9882218241691589,0.9678736925125122,0.9870278835296631,0.02034813165664673,0.0011939406394958496
60554,1,3,0.9882218241691589,0.9196393489837646,0.9816442131996155,0.06858247518539429,0.006577610969543457
60554,1,5,0.9882218241691589,0.8537220358848572,0.9875620603561401,0.13449978828430176,0.0006597638130187988
60554,1,10,0.9882218241691589,0.7946174740791321,0.9851968288421631,0.19360435009002686,0.0030249953269958496
60901,1,1,0.9998863935470581,0.9982276558876038,0.9998863935470581,0.0016587376594543457,0.0
60901,1,3,0.9998863935470581,0.9342991709709167,0.9956380724906921,0.06558722257614136,0.004248321056365967
60901,1,5,0.9998863935470581,0.6034945249557495,0.9998917579650879,0.3963918685913086,-5.364418029785156e-06
60901,1,10,0.9998863935470581,0.9025157690048218,0.9997844099998474,0.09737062454223633,0.00010198354721069336
61232,1,1,0.999942421913147,0.9883941411972046,0.999942421913147,0.011548280715942383,0.0
61232,1,3,0.999942421913147,0.9368789792060852,0.9998377561569214,0.06306344270706177,0.00010466575622558594
61232,1,5,0.999942421913147,0.8608249425888062,0.9998376369476318,0.13911747932434082,0.00010478496551513672
61232,1,10,0.999942421913147,0.8109462261199951,0.9675034284591675,0.18899619579315186,0.03243899345397949
61292,1,1,0.999619722366333,0.9947481751441956,0.9974107146263123,0.004871547222137451,0.002209007740020752
61292,1,3,0.999619722366333,0.8508550524711609,0.999619722366333,0.14876466989517212,0.0
61292,1,5,0.999619722366333,0.5712441802024841,0.9969199895858765,0.4283755421638489,0.002699732780456543
61292,1,10,0.999619722366333,0.7875232696533203,0.988114595413208,0.2120964527130127,0.011505126953125
61378,1,1,0.9981186985969543,0.9981186985969543,0.9981186985969543,0.0,0.0
61378,1,3,0.9981186985969543,0.9714245796203613,0.9908050298690796,0.026694118976593018,0.007313668727874756
61378,1,5,0.9981186985969543,0.9081655740737915,0.9908050298690796,0.08995312452316284,0.007313668727874756
61378,1,10,0.9981186985969543,0.8891873955726624,0.9712210297584534,0.10893130302429199,0.026897668838500977
61551,1,1,0.9897075891494751,0.8710999488830566,0.9931383728981018,0.11860764026641846,-0.003430783748626709
61551,1,3,0.9897075891494751,0.5534669756889343,0.946605920791626,0.43624061346054077,0.04310166835784912
61551,1,5,0.9897075891494751,0.9051660299301147,0.987310528755188,0.08454155921936035,0.0023970603942871094
61551,1,10,0.9897075891494751,0.9863300919532776,0.9694387912750244,0.0033774971961975098,0.020268797874450684
62214,1,1,0.9999648332595825,0.9985674619674683,0.9999648332595825,0.0013973712921142578,0.0
62214,1,3,0.9999648332595825,0.9854385852813721,0.9999648332595825,0.01452624797821045,0.0
62214,1,5,0.9999648332595825,0.8054022192955017,0.9985369443893433,0.1945626139640808,0.0014278888702392578
62214,1,10,0.9999648332595825,0.7875072956085205,0.9986648559570312,0.212457537651062,0.0012999773025512695
62422,1,1,0.9999203681945801,0.9938803911209106,0.9999203681945801,0.006039977073669434,0.0
62422,1,3,0.9999203681945801,0.9524819850921631,0.9991764426231384,0.04743838310241699,0.0007439255714416504
62422,1,5,0.9999203681945801,0.7835970520973206,0.9999282360076904,0.21632331609725952,-7.867813110351562e-06
62422,1,10,0.9999203681945801,0.8926774859428406,0.9999462366104126,0.1072428822517395,-2.586841583251953e-05
62576,1,1,0.9999595880508423,0.995278000831604,0.9994738698005676,0.004681587219238281,0.0004857182502746582
62576,1,3,0.9999595880508423,0.9304478764533997,0.9994576573371887,0.06951171159744263,0.0005019307136535645
62576,1,5,0.9999595880508423,0.44847118854522705,0.9591349959373474,0.5514883995056152,0.04082459211349487
62576,1,10,0.9999595880508423,0.7658570408821106,0.9999010562896729,0.2341025471687317,5.8531761169433594e-05
62888,1,1,0.9997854828834534,0.9974963068962097,0.9931073784828186,0.0022891759872436523,0.006678104400634766
62888,1,3,0.9997854828834534,0.9230780005455017,0.9997754693031311,0.07670748233795166,1.0013580322265625e-05
62888,1,5,0.9997854828834534,0.675029456615448,0.9931073784828186,0.32475602626800537,0.006678104400634766
62888,1,10,0.9997854828834534,0.8771771192550659,0.994297444820404,0.12260836362838745,0.005488038063049316
62943,1,1,0.9980319142341614,0.9980319142341614,0.9982898831367493,0.0,-0.0002579689025878906
62943,1,3,0.9980319142341614,0.9639371633529663,0.9979181885719299,0.03409475088119507,0.00011372566223144531
62943,1,5,0.9980319142341614,0.8583637475967407,0.9984422326087952,0.13966816663742065,-0.00041031837463378906
62943,1,10,0.9980319142341614,0.8675241470336914,0.9984675049781799,0.13050776720046997,-0.0004355907440185547
63060,1,1,0.9982594847679138,0.9964874982833862,0.9982594847679138,0.0017719864845275879,0.0
63060,1,3,0.9982594847679138,0.9943041205406189,0.9988076686859131,0.003955364227294922,-0.0005481839179992676
63060,1,5,0.9982594847679138,0.9735997915267944,0.998434841632843,0.024659693241119385,-0.00017535686492919922
63060,1,10,0.9982594847679138,0.8047279715538025,0.9988999366760254,0.19353151321411133,-0.0006404519081115723
63241,1,1,0.6516247391700745,0.9866278767585754,0.6516247391700745,-0.335003137588501,0.0
63241,1,3,0.6516247391700745,0.9867991805076599,0.6516247391700745,-0.33517444133758545,0.0
63241,1,5,0.6516247391700745,0.9558599591255188,0.7638390064239502,-0.30423521995544434,-0.11221426725387573
63241,1,10,0.6516247391700745,0.8866872787475586,0.6933485269546509,-0.23506253957748413,-0.041723787784576416
64310,1,1,0.999765932559967,0.9980599284172058,0.9997627139091492,0.0017060041427612305,3.2186508178710938e-06
64310,1,3,0.999765932559967,0.9512556791305542,0.9996604919433594,0.04851025342941284,0.00010544061660766602
64310,1,5,0.999765932559967,0.7861818671226501,0.9996631145477295,0.2135840654373169,0.00010281801223754883
64310,1,10,0.999765932559967,0.8941353559494019,0.9980372786521912,0.10563057661056519,0.001728653907775879
64470,1,1,0.9989494681358337,0.998712420463562,0.9986740350723267,0.00023704767227172852,0.0002754330635070801
64470,1,3,0.9989494681358337,0.9953283071517944,0.9989433884620667,0.0036211609840393066,6.079673767089844e-06
64470,1,5,0.9989494681358337,0.7549522519111633,0.998629093170166,0.2439972162246704,0.0003203749656677246
64470,1,10,0.9989494681358337,0.8272454738616943,0.9600273966789246,0.1717039942741394,0.03892207145690918
64856,1,1,0.9004387259483337,0.9004387259483337,0.8859955668449402,0.0,0.014443159103393555
64856,1,3,0.9004387259483337,0.8599284291267395,0.8441247344017029,0.04051029682159424,0.05631399154663086
64856,1,5,0.9004387259483337,0.8193952441215515,0.9037511348724365,0.08104348182678223,-0.003312408924102783
64856,1,10,0.9004387259483337,0.7180289030075073,0.8484194278717041,0.18240982294082642,0.05201929807662964
65111,1,1,0.9713075160980225,0.9713075160980225,0.9372682571411133,0.0,0.03403925895690918
65111,1,3,0.9713075160980225,0.8377069234848022,0.9560145735740662,0.13360059261322021,0.015292942523956299
65111,1,5,0.9713075160980225,0.8895416259765625,0.9832263588905334,0.08176589012145996,-0.011918842792510986
65111,1,10,0.9713075160980225,0.8044225573539734,0.9904856085777283,0.16688495874404907,-0.01917809247970581
65115,1,1,0.9589341282844543,0.9589341282844543,0.9538112878799438,0.0,0.005122840404510498
65115,1,3,0.9589341282844543,0.9319061040878296,0.9538112878799438,0.027028024196624756,0.005122840404510498
65115,1,5,0.9589341282844543,0.939400315284729,0.9272807240486145,0.019533812999725342,0.031653404235839844
65115,1,10,0.9589341282844543,0.8166797161102295,0.7961509823799133,0.14225441217422485,0.16278314590454102
65241,1,1,0.9988217949867249,0.9988217949867249,0.9981814622879028,0.0,0.0006403326988220215
65241,1,3,0.9988217949867249,0.9719321131706238,0.9981814622879028,0.026889681816101074,0.0006403326988220215
65241,1,5,0.9988217949867249,0.9336938261985779,0.9968616962432861,0.06512796878814697,0.0019600987434387207
65241,1,10,0.9988217949867249,0.9121099710464478,0.9978087544441223,0.0867118239402771,0.001013040542602539
65420,1,1,0.999915599822998,0.9916719794273376,0.999915599822998,0.0082436203956604,0.0
65420,1,3,0.999915599822998,0.9362915754318237,0.999915599822998,0.06362402439117432,0.0
65420,1,5,0.999915599822998,0.6769850254058838,0.9999300241470337,0.32293057441711426,-1.4424324035644531e-05
65420,1,10,0.999915599822998,0.9257029294967651,0.9999591112136841,0.07421267032623291,-4.3511390686035156e-05
65515,1,1,0.9999486207962036,0.9945523142814636,0.9999209642410278,0.00539630651473999,2.765655517578125e-05
65515,1,3,0.9999486207962036,0.9214208722114563,0.9999486207962036,0.07852774858474731,0.0
65515,1,5,0.9999486207962036,0.5553344488143921,0.9999486207962036,0.4446141719818115,0.0
65515,1,10,0.9999486207962036,0.7088567614555359,0.9945523142814636,0.2910918593406677,0.00539630651473999
65524,1,1,0.9932147264480591,0.9932147264480591,0.993854820728302,0.0,-0.0006400942802429199
65524,1,3,0.9932147264480591,0.8536391854286194,0.9932147264480591,0.1395755410194397,0.0
65524,1,5,0.9932147264480591,0.7391371726989746,0.9928401708602905,0.2540775537490845,0.0003745555877685547
65524,1,10,0.9932147264480591,0.7554813623428345,0.9769710898399353,0.2377333641052246,0.01624363660812378
65589,1,1,0.2617933750152588,0.2617933750152588,0.29297980666160583,0.0,-0.031186431646347046
65589,1,3,0.2617933750152588,0.6465610265731812,0.4417873024940491,-0.38476765155792236,-0.17999392747879028
65589,1,5,0.2617933750152588,0.8428207039833069,0.5177112817764282,-0.5810273289680481,-0.25591790676116943
65589,1,10,0.2617933750152588,0.8970009684562683,0.3404410779476166,-0.6352075934410095,-0.07864770293235779
65809,1,1,0.9872021079063416,0.9872021079063416,0.9896813035011292,0.0,-0.0024791955947875977
65809,1,3,0.9872021079063416,0.9010587334632874,0.9872021079063416,0.0861433744430542,0.0
65809,1,5,0.9872021079063416,0.8702539205551147,0.9915001392364502,0.1169481873512268,-0.004298031330108643
65809,1,10,0.9872021079063416,0.8980490565299988,0.9936355352401733,0.08915305137634277,-0.006433427333831787
65872,0,1,0.29850873351097107,0.29850873351097107,0.1567227691411972,0.0,0.14178596436977386
65872,0,3,0.29850873351097107,0.7166990041732788,0.46778255701065063,-0.41819027066230774,-0.16927382349967957
65872,0,5,0.29850873351097107,0.46816396713256836,0.4088692367076874,-0.1696552336215973,-0.11036050319671631
65872,0,10,0.29850873351097107,0.7878897190093994,0.5662975907325745,-0.48938098549842834,-0.2677888572216034
65938,0,1,0.0008615661645308137,0.6326930522918701,0.0008615661645308137,-0.6318314861273393,0.0
65938,0,3,0.0008615661645308137,0.8646143078804016,0.01173066720366478,-0.8637527417158708,-0.010869101039133966
65938,0,5,0.0008615661645308137,0.9652085304260254,0.018542204052209854,-0.9643469642614946,-0.01768063788767904
65938,0,10,0.0008615661645308137,0.9816809296607971,0.9317399859428406,-0.9808193634962663,-0.9308784197783098
66546,0,1,0.19172774255275726,0.19172774255275726,0.1920287162065506,0.0,-0.00030097365379333496
66546,0,3,0.19172774255275726,0.5811159014701843,0.1625157594680786,-0.38938815891742706,0.02921198308467865
66546,0,5,0.19172774255275726,0.8313716650009155,0.46360644698143005,-0.6396439224481583,-0.2718787044286728
66546,0,10,0.19172774255275726,0.7778538465499878,0.7770890593528748,-0.5861261039972305,-0.5853613168001175
66575,0,1,0.44524848461151123,0.44524848461151123,0.5554203391075134,0.0,-0.1101718544960022
66575,0,3,0.44524848461151123,0.6853422522544861,0.5499156713485718,-0.24009376764297485,-0.10466718673706055
66575,0,5,0.44524848461151123,0.6085980534553528,0.2964974343776703,-0.16334956884384155,0.14875105023384094
66575,0,10,0.44524848461151123,0.8236127495765686,0.27664223313331604,-0.3783642649650574,0.1686062514781952
67079,0,1,0.44979819655418396,0.44979819655418396,0.5240389108657837,0.0,-0.07424071431159973
67079,0,3,0.44979819655418396,0.750724196434021,0.6804889440536499,-0.30092599987983704,-0.23069074749946594
67079,0,5,0.44979819655418396,0.7209068536758423,0.5050105452537537,-0.2711086571216583,-0.0552123486995697
67079,0,10,0.44979819655418396,0.7736808657646179,0.8777270913124084,-0.32388266921043396,-0.4279288947582245
68238,0,1,0.9244133830070496,0.9244133830070496,0.9244133830070496,0.0,0.0
68238,0,3,0.9244133830070496,0.8869878053665161,0.9244133830070496,0.03742557764053345,0.0
68238,0,5,0.9244133830070496,0.8869878053665161,0.9237171411514282,0.03742557764053345,0.0006962418556213379
68238,0,10,0.9244133830070496,0.9546627402305603,0.9237171411514282,-0.030249357223510742,0.0006962418556213379
68750,0,1,0.00296975439414382,0.6245720982551575,0.00296975439414382,-0.6216023438610137,0.0
68750,0,3,0.00296975439414382,0.969582200050354,0.5304494500160217,-0.9666124456562102,-0.5274796956218779
68750,0,5,0.00296975439414382,0.9884514808654785,0.0035724451299756765,-0.9854817264713347,-0.0006026907358318567
68750,0,10,0.00296975439414382,0.9928849339485168,0.42559799551963806,-0.989915179554373,-0.42262824112549424
69185,0,1,0.003303093835711479,0.5532071590423584,0.003303093835711479,-0.5499040652066469,0.0
69185,0,3,0.003303093835711479,0.9598939418792725,0.0033069925848394632,-0.956590848043561,-3.898749127984047e-06
69185,0,5,0.003303093835711479,0.967853307723999,0.0055349417962133884,-0.9645502138882875,-0.0022318479605019093
69185,0,10,0.003303093835711479,0.9831175804138184,0.16800567507743835,-0.9798144865781069,-0.16470258124172688
69846,0,1,0.0015245875110849738,0.014910194091498852,0.001564301666803658,-0.013385606580413878,-3.9714155718684196e-05
69846,0,3,0.0015245875110849738,0.14655734598636627,0.002783183241263032,-0.1450327584752813,-0.0012585957301780581
69846,0,5,0.0015245875110849738,0.8011948466300964,0.005194685887545347,-0.7996702591190115,-0.0036700983764603734
69846,0,10,0.0015245875110849738,0.8682821989059448,0.33343952894210815,-0.8667576113948599,-0.3319149414310232
69881,0,1,0.4783698618412018,0.4783698618412018,0.4931981563568115,0.0,-0.014828294515609741
69881,0,3,0.4783698618412018,0.766051173210144,0.4783698618412018,-0.28768131136894226,0.0
69881,0,5,0.4783698618412018,0.7765219807624817,0.7061901688575745,-0.2981521189212799,-0.22782030701637268
69881,0,10,0.4783698618412018,0.9428034424781799,0.41612306237220764,-0.46443358063697815,0.06224679946899414
70649,0,1,0.6949529051780701,0.9756842255592346,0.6949529051780701,-0.28073132038116455,0.0
70649,0,3,0.6949529051780701,0.9915695786476135,0.8351283669471741,-0.29661667346954346,-0.140175461769104
70649,0,5,0.6949529051780701,0.9915695786476135,0.80352383852005,-0.29661667346954346,-0.10857093334197998
70649,0,10,0.6949529051780701,0.9366214871406555,0.6949529051780701,-0.24166858196258545,0.0
70789,0,1,0.4222997725009918,0.4222997725009918,0.4456578195095062,0.0,-0.023358047008514404
70789,0,3,0.4222997725009918,0.6741964817047119,0.43637678027153015,-0.2518967092037201,-0.01407700777053833
70789,0,5,0.4222997725009918,0.7227848172187805,0.34175145626068115,-0.3004850447177887,0.08054831624031067
70789,0,10,0.4222997725009918,0.8449954390525818,0.6988499164581299,-0.42269566655158997,-0.27655014395713806
70949,0,1,0.4635794460773468,0.4635794460773468,0.3655798137187958,0.0,0.09799963235855103
70949,0,3,0.4635794460773468,0.7198514938354492,0.48492157459259033,-0.2562720477581024,-0.02134212851524353
70949,0,5,0.4635794460773468,0.7199179530143738,0.4420170187950134,-0.256338506937027,0.021562427282333374
70949,0,10,0.4635794460773468,0.7381529211997986,0.4638194143772125,-0.2745734751224518,-0.00023996829986572266
71683,0,1,0.23021166026592255,0.23021166026592255,0.2959478795528412,0.0,-0.06573621928691864
71683,0,3,0.23021166026592255,0.8474593162536621,0.33666878938674927,-0.6172476559877396,-0.10645712912082672
71683,0,5,0.23021166026592255,0.7978438138961792,0.2293429672718048,-0.5676321536302567,0.0008686929941177368
71683,0,10,0.23021166026592255,0.7594359517097473,0.22009970247745514,-0.5292242914438248,0.010111957788467407
72000,0,1,0.502454400062561,0.502454400062561,0.5480250716209412,0.0,-0.04557067155838013
72000,0,3,0.502454400062561,0.8689183592796326,0.4880032539367676,-0.36646395921707153,0.014451146125793457
72000,0,5,0.502454400062561,0.8610658645629883,0.6790645122528076,-0.35861146450042725,-0.17661011219024658
72000,0,10,0.502454400062561,0.8599140048027039,0.5026006102561951,-0.3574596047401428,-0.0001462101936340332
72200,0,1,0.3305412530899048,0.3305412530899048,0.340976357460022,0.0,-0.010435104370117188
72200,0,3,0.3305412530899048,0.5742191672325134,0.3825853765010834,-0.24367791414260864,-0.05204412341117859
72200,0,5,0.3305412530899048,0.8412067294120789,0.3461374044418335,-0.5106654763221741,-0.015596151351928711
72200,0,10,0.3305412530899048,0.8594338297843933,0.5192176103591919,-0.5288925766944885,-0.1886763572692871
72369,0,1,0.6339319348335266,0.6339319348335266,0.5853471755981445,0.0,0.04858475923538208
72369,0,3,0.6339319348335266,0.8304601907730103,0.6339319348335266,-0.19652825593948364,0.0
72369,0,5,0.6339319348335266,0.6654441356658936,0.6223288178443909,-0.03151220083236694,0.011603116989135742
72369,0,10,0.6339319348335266,0.8505774140357971,0.7050740718841553,-0.2166454792022705,-0.07114213705062866
72505,0,1,0.6671924591064453,0.6671924591064453,0.6671924591064453,0.0,0.0
72505,0,3,0.6671924591064453,0.918882429599762,0.7913193702697754,-0.25168997049331665,-0.12412691116333008
72505,0,5,0.6671924591064453,0.6099862456321716,0.4175773859024048,0.05720621347427368,0.24961507320404053
72505,0,10,0.6671924591064453,0.8531390428543091,0.6753329634666443,-0.18594658374786377,-0.008140504360198975
72613,0,1,0.6383388042449951,0.6383388042449951,0.6383388042449951,0.0,0.0
72613,0,3,0.6383388042449951,0.7809717655181885,0.7569818496704102,-0.14263296127319336,-0.11864304542541504
72613,0,5,0.6383388042449951,0.7401963472366333,0.6347827911376953,-0.10185754299163818,0.0035560131072998047
72613,0,10,0.6383388042449951,0.8726010322570801,0.6657623052597046,-0.23426222801208496,-0.027423501014709473
73010,0,1,0.732173502445221,0.732173502445221,0.5859509706497192,0.0,0.1462225317955017
73010,0,3,0.732173502445221,0.9136695861816406,0.8779906630516052,-0.18149608373641968,-0.14581716060638428
73010,0,5,0.732173502445221,0.9718921184539795,0.5909268856048584,-0.23971861600875854,0.14124661684036255
73010,0,10,0.732173502445221,0.8676596283912659,0.832517683506012,-0.13548612594604492,-0.10034418106079102
73364,0,1,7.955556066008285e-05,0.7668086886405945,7.955556066008285e-05,-0.7667291330799344,0.0
73364,0,3,7.955556066008285e-05,0.9747447967529297,0.0004797465808223933,-0.9746652411922696,-0.00040019102016231045
73364,0,5,7.955556066008285e-05,0.9962931275367737,0.0004797465808223933,-0.9962135719761136,-0.00040019102016231045
73364,0,10,7.955556066008285e-05,0.9924079179763794,0.9915030002593994,-0.9923283624157193,-0.9914234446987393
73379,0,1,0.9736854434013367,0.9736854434013367,0.9771924614906311,0.0,-0.0035070180892944336
73379,0,3,0.9736854434013367,0.914091944694519,0.9800524711608887,0.05959349870681763,-0.006367027759552002
73379,0,5,0.9736854434013367,0.9359910488128662,0.9768214821815491,0.03769439458847046,-0.0031360387802124023
73379,0,10,0.9736854434013367,0.731421709060669,0.9769002199172974,0.24226373434066772,-0.0032147765159606934
74244,0,1,0.6740759015083313,0.6740759015083313,0.7610296607017517,0.0,-0.08695375919342041
74244,0,3,0.6740759015083313,0.6708518266677856,0.6714276671409607,0.0032240748405456543,0.0026482343673706055
74244,0,5,0.6740759015083313,0.7680599689483643,0.6740759015083313,-0.09398406744003296,0.0
74244,0,10,0.6740759015083313,0.877450168132782,0.805953323841095,-0.20337426662445068,-0.13187742233276367
74258,0,1,0.5958194136619568,0.5958194136619568,0.5958194136619568,0.0,0.0
74258,0,3,0.5958194136619568,0.6813305020332336,0.7243360280990601,-0.08551108837127686,-0.12851661443710327
74258,0,5,0.5958194136619568,0.7542057037353516,0.7198984026908875,-0.15838629007339478,-0.12407898902893066
74258,0,10,0.5958194136619568,0.9006415605545044,0.6954666376113892,-0.3048221468925476,-0.09964722394943237
74507,0,1,0.5894055366516113,0.6929386258125305,0.7700831294059753,-0.10353308916091919,-0.180677592754364
74507,0,3,0.5894055366516113,0.7134685516357422,0.4753679931163788,-0.12406301498413086,0.11403754353523254
74507,0,5,0.5894055366516113,0.7117341756820679,0.5538890957832336,-0.12232863903045654,0.035516440868377686
74507,0,10,0.5894055366516113,0.8855153322219849,0.9581338167190552,-0.29610979557037354,-0.36872828006744385
74691,0,1,0.9272810220718384,0.944494903087616,0.9408546090126038,-0.017213881015777588,-0.01357358694076538
74691,0,3,0.9272810220718384,0.9177132844924927,0.8676934838294983,0.009567737579345703,0.05958753824234009
74691,0,5,0.9272810220718384,0.8688966631889343,0.8547227382659912,0.05838435888290405,0.07255828380584717
74691,0,10,0.9272810220718384,0.7581261396408081,0.9827271103858948,0.16915488243103027,-0.055446088314056396
75016,0,1,0.0033466073218733072,0.6546041965484619,0.007430085446685553,-0.6512575892265886,-0.004083478124812245
75016,0,3,0.0033466073218733072,0.971767246723175,0.6042185425758362,-0.9684206394013017,-0.6008719352539629
75016,0,5,0.0033466073218733072,0.9774256348609924,0.013419016264379025,-0.9740790275391191,-0.010072408942505717
75016,0,10,0.0033466073218733072,0.9823290705680847,0.14032869040966034,-0.9789824632462114,-0.13698208308778703
75079,0,1,0.001359841087833047,0.3193144202232361,0.3193144202232361,-0.31795457913540304,-0.31795457913540304
75079,0,3,0.001359841087833047,0.8998819589614868,0.001359841087833047,-0.8985221178736538,0.0
75079,0,5,0.001359841087833047,0.9502522945404053,0.022611679509282112,-0.9488924534525722,-0.021251838421449065
75079,0,10,0.001359841087833047,0.9923139214515686,0.47797149419784546,-0.9909540803637356,-0.4766116531100124
75085,0,1,0.5278277397155762,0.5278277397155762,0.5200089812278748,0.0,0.007818758487701416
75085,0,3,0.5278277397155762,0.5776692032814026,0.2461823970079422,-0.049841463565826416,0.28164534270763397
75085,0,5,0.5278277397155762,0.5711024403572083,0.41266053915023804,-0.04327470064163208,0.11516720056533813
75085,0,10,0.5278277397155762,0.6675264835357666,0.5120717883110046,-0.13969874382019043,0.015755951404571533
75114,0,1,0.8771078586578369,0.8771078586578369,0.8771078586578369,0.0,0.0
75114,0,3,0.8771078586578369,0.8686950206756592,0.939217209815979,0.008412837982177734,-0.06210935115814209
75114,0,5,0.8771078586578369,0.6790199279785156,0.9315632581710815,0.1980879306793213,-0.05445539951324463
75114,0,10,0.8771078586578369,0.7059140205383301,0.8219927549362183,0.17119383811950684,0.05511510372161865
75845,0,1,0.001842070952989161,0.03510497137904167,0.001842070952989161,-0.03326290042605251,0.0
75845,0,3,0.001842070952989161,0.11951639503240585,0.009828203357756138,-0.11767432407941669,-0.007986132404766977
75845,0,5,0.001842070952989161,0.49772220849990845,0.0433141365647316,-0.4958801375469193,-0.04147206561174244
75845,0,10,0.001842070952989161,0.8529592156410217,0.027376363053917885,-0.8511171446880326,-0.025534292100928724
75884,0,1,0.00040067583904601634,0.007929174229502678,0.00040067583904601634,-0.007528498390456662,0.0
75884,0,3,0.00040067583904601634,0.04486958310008049,0.0020236079581081867,-0.044468907261034474,-0.0016229321190621704
75884,0,5,0.00040067583904601634,0.2663123905658722,0.00048754399176687,-0.2659117147268262,-8.686815272085369e-05
75884,0,10,0.00040067583904601634,0.45327216386795044,0.014023550786077976,-0.4528714880289044,-0.01362287494703196
75929,0,1,0.0010780026204884052,0.022226449102163315,0.0013090120628476143,-0.02114844648167491,-0.00023100944235920906
75929,0,3,0.0010780026204884052,0.11396729946136475,0.0010780026204884052,-0.11288929684087634,0.0
75929,0,5,0.0010780026204884052,0.2835298478603363,0.0010171444155275822,-0.2824518452398479,6.085820496082306e-05
75929,0,10,0.0010780026204884052,0.5574628114700317,0.012404720298945904,-0.5563848088495433,-0.011326717678457499
76286,0,1,0.6381153464317322,0.6381153464317322,0.6381153464317322,0.0,0.0
76286,0,3,0.6381153464317322,0.7499017715454102,0.7996203899383545,-0.11178642511367798,-0.16150504350662231
76286,0,5,0.6381153464317322,0.7690253853797913,0.6251323223114014,-0.13091003894805908,0.01298302412033081
76286,0,10,0.6381153464317322,0.8278709053993225,0.762547492980957,-0.18975555896759033,-0.12443214654922485
77243,0,1,7.955556066008285e-05,0.7668086886405945,7.955556066008285e-05,-0.7667291330799344,0.0
77243,0,3,7.955556066008285e-05,0.9747447967529297,0.00014154909877106547,-0.9746652411922696,-6.199353811098263e-05
77243,0,5,7.955556066008285e-05,0.9962931275367737,8.567168697481975e-05,-0.9962135719761136,-6.116126314736903e-06
77243,0,10,7.955556066008285e-05,0.9924079179763794,0.0001260320277651772,-0.9923283624157193,-4.6476467105094343e-05
77320,0,1,0.33643078804016113,0.33643078804016113,0.4105668365955353,0.0,-0.07413604855537415
77320,0,3,0.33643078804016113,0.710804283618927,0.3715839684009552,-0.37437349557876587,-0.03515318036079407
77320,0,5,0.33643078804016113,0.7261870503425598,0.20633766055107117,-0.3897562623023987,0.13009312748908997
77320,0,10,0.33643078804016113,0.833419144153595,0.8558172583580017,-0.49698835611343384,-0.5193864703178406
77328,0,1,0.18699820339679718,0.18699820339679718,0.18699820339679718,0.0,0.0
77328,0,3,0.18699820339679718,0.5942206978797913,0.25532472133636475,-0.4072224944829941,-0.06832651793956757
77328,0,5,0.18699820339679718,0.7361552715301514,0.32692793011665344,-0.5491570681333542,-0.13992972671985626
77328,0,10,0.18699820339679718,0.8525969982147217,0.25412508845329285,-0.6655987948179245,-0.06712688505649567
77510,0,1,0.6110559701919556,0.6110559701919556,0.6110559701919556,0.0,0.0
77510,0,3,0.6110559701919556,0.5556243658065796,0.7487540245056152,0.05543160438537598,-0.13769805431365967
77510,0,5,0.6110559701919556,0.8890327215194702,0.8160660862922668,-0.27797675132751465,-0.20501011610031128
77510,0,10,0.6110559701919556,0.92436683177948,0.9703055620193481,-0.3133108615875244,-0.3592495918273926
77547,0,1,0.28702405095100403,0.28702405095100403,0.28702405095100403,0.0,0.0
77547,0,3,0.28702405095100403,0.7462798357009888,0.5197322368621826,-0.45925578474998474,-0.2327081859111786
77547,0,5,0.28702405095100403,0.8301823139190674,0.19541287422180176,-0.5431582629680634,0.09161117672920227
77547,0,10,0.28702405095100403,0.9485574960708618,0.5528571605682373,-0.6615334451198578,-0.2658331096172333
77786,0,1,0.38016098737716675,0.38016098737716675,0.4854019582271576,0.0,-0.10524097084999084
77786,0,3,0.38016098737716675,0.7664441466331482,0.38016098737716675,-0.38628315925598145,0.0
77786,0,5,0.38016098737716675,0.8082103133201599,0.29557308554649353,-0.42804932594299316,0.08458790183067322
77786,0,10,0.38016098737716675,0.9174528121948242,0.6716633439064026,-0.5372918248176575,-0.29150235652923584
78387,0,1,0.8416848182678223,0.9914746284484863,0.8416848182678223,-0.14978981018066406,0.0
78387,0,3,0.8416848182678223,0.9372769594192505,0.8453148603439331,-0.09559214115142822,-0.00363004207611084
78387,0,5,0.8416848182678223,0.9714075922966003,0.8461410999298096,-0.12972277402877808,-0.004456281661987305
78387,0,10,0.8416848182678223,0.9150494933128357,0.8048784136772156,-0.07336467504501343,0.03680640459060669
78584,0,1,0.4196290671825409,0.4196290671825409,0.4196290671825409,0.0,0.0
78584,0,3,0.4196290671825409,0.46392232179641724,0.329049289226532,-0.04429325461387634,0.09057977795600891
78584,0,5,0.4196290671825409,0.564043402671814,0.5879986882209778,-0.14441433548927307,-0.1683696210384369
78584,0,10,0.4196290671825409,0.7897131443023682,0.7097579836845398,-0.37008407711982727,-0.2901289165019989
78889,0,1,0.5540916323661804,0.5540916323661804,0.5540916323661804,0.0,0.0
78889,0,3,0.5540916323661804,0.8635969758033752,0.5334823131561279,-0.3095053434371948,0.02060931921005249
78889,0,5,0.5540916323661804,0.859001100063324,0.7305095791816711,-0.30490946769714355,-0.17641794681549072
78889,0,10,0.5540916323661804,0.9241653084754944,0.9471155405044556,-0.37007367610931396,-0.39302390813827515
78986,0,1,0.24773229658603668,0.24773229658603668,0.2555560767650604,0.0,-0.007823780179023743
78986,0,3,0.24773229658603668,0.423902690410614,0.41925790905952454,-0.17617039382457733,-0.17152561247348785
78986,0,5,0.24773229658603668,0.7657124400138855,0.4633546471595764,-0.5179801434278488,-0.21562235057353973
78986,0,10,0.24773229658603668,0.7487255930900574,0.1524818241596222,-0.5009932965040207,0.09525047242641449
79077,0,1,0.8957250118255615,0.8957250118255615,0.8957250118255615,0.0,0.0
79077,0,3,0.8957250118255615,0.7444749474525452,0.8957250118255615,0.15125006437301636,0.0
79077,0,5,0.8957250118255615,0.5396440029144287,0.8695656061172485,0.3560810089111328,0.02615940570831299
79077,0,10,0.8957250118255615,0.7812523245811462,0.9782574772834778,0.11447268724441528,-0.08253246545791626
79228,0,1,0.8629864454269409,0.8629864454269409,0.8629864454269409,0.0,0.0
79228,0,3,0.8629864454269409,0.767533540725708,0.8629864454269409,0.09545290470123291,0.0
79228,0,5,0.8629864454269409,0.530470609664917,0.8848281502723694,0.3325158357620239,-0.021841704845428467
79228,0,10,0.8629864454269409,0.2481512427330017,0.7811737656593323,0.6148352026939392,0.08181267976760864
79260,0,1,0.8784386515617371,0.8784386515617371,0.9617325067520142,0.0,-0.0832938551902771
79260,0,3,0.8784386515617371,0.9487960934638977,0.8070651888847351,-0.07035744190216064,0.07137346267700195
79260,0,5,0.8784386515617371,0.9167637228965759,0.9490215182304382,-0.03832507133483887,-0.07058286666870117
79260,0,10,0.8784386515617371,0.9390976428985596,0.9502934217453003,-0.06065899133682251,-0.07185477018356323
79290,0,1,0.4684835374355316,0.4684835374355316,0.4684835374355316,0.0,0.0
79290,0,3,0.4684835374355316,0.6421741247177124,0.2951918840408325,-0.1736905872821808,0.1732916533946991
79290,0,5,0.4684835374355316,0.7755687832832336,0.7369056344032288,-0.307085245847702,-0.26842209696769714
79290,0,10,0.4684835374355316,0.7132980823516846,0.49272581934928894,-0.24481454491615295,-0.024242281913757324
79369,0,1,0.6631916761398315,0.6631916761398315,0.6754245162010193,0.0,-0.012232840061187744
79369,0,3,0.6631916761398315,0.8197051286697388,0.6398352980613708,-0.15651345252990723,0.023356378078460693
79369,0,5,0.6631916761398315,0.7999342679977417,0.8563187122344971,-0.13674259185791016,-0.19312703609466553
79369,0,10,0.6631916761398315,0.6922117471694946,0.9622695446014404,-0.029020071029663086,-0.2990778684616089
79398,0,1,0.29752442240715027,0.29752442240715027,0.31910425424575806,0.0,-0.021579831838607788
79398,0,3,0.29752442240715027,0.6362742781639099,0.24389776587486267,-0.33874985575675964,0.0536266565322876
79398,0,5,0.29752442240715027,0.6362742781639099,0.3847998082637787,-0.33874985575675964,-0.08727538585662842
79398,0,10,0.29752442240715027,0.6867033839225769,0.4129642844200134,-0.38917896151542664,-0.11543986201286316
79599,0,1,0.23176738619804382,0.6156914830207825,0.25149068236351013,-0.38392409682273865,-0.01972329616546631
79599,0,3,0.23176738619804382,0.7731354236602783,0.5694740414619446,-0.5413680374622345,-0.33770665526390076
79599,0,5,0.23176738619804382,0.9350173473358154,0.26957666873931885,-0.7032499611377716,-0.037809282541275024
79599,0,10,0.23176738619804382,0.9603062272071838,0.5250588059425354,-0.72853884100914,-0.2932914197444916
80126,0,1,0.2859530448913574,0.4074815809726715,0.2859530448913574,-0.12152853608131409,0.0
80126,0,3,0.2859530448913574,0.538782000541687,0.5426744818687439,-0.2528289556503296,-0.2567214369773865
80126,0,5,0.2859530448913574,0.9520488381385803,0.7344897389411926,-0.6660957932472229,-0.4485366940498352
80126,0,10,0.2859530448913574,0.9608898758888245,0.763336181640625,-0.674936830997467,-0.4773831367492676
80485,0,1,0.8927022814750671,0.9040215015411377,0.8711975812911987,-0.011319220066070557,0.021504700183868408
80485,0,3,0.8927022814750671,0.9400447607040405,0.9227260947227478,-0.04734247922897339,-0.030023813247680664
80485,0,5,0.8927022814750671,0.9741166234016418,0.8807799220085144,-0.08141434192657471,0.011922359466552734
80485,0,10,0.8927022814750671,0.694747805595398,0.9697027802467346,0.1979544758796692,-0.07700049877166748
80803,0,1,0.0027511559892445803,0.5407220125198364,0.5407220125198364,-0.5379708565305918,-0.5379708565305918
80803,0,3,0.0027511559892445803,0.960813581943512,0.0018671703292056918,-0.9580624259542674,0.0008839856600388885
80803,0,5,0.0027511559892445803,0.9625439643859863,0.09731218963861465,-0.9597928083967417,-0.09456103364937007
80803,0,10,0.0027511559892445803,0.9858037233352661,0.020813560113310814,-0.9830525673460215,-0.018062404124066234
80934,0,1,0.23181356489658356,0.3641356825828552,0.23181356489658356,-0.13232211768627167,0.0
80934,0,3,0.23181356489658356,0.573508083820343,0.2836560606956482,-0.34169451892375946,-0.051842495799064636
80934,0,5,0.23181356489658356,0.727851390838623,0.6338539123535156,-0.4960378259420395,-0.40204034745693207
80934,0,10,0.23181356489658356,0.5012907385826111,0.6468439698219299,-0.2694771736860275,-0.4150304049253464
81407,0,1,0.001255369046702981,0.01230641920119524,0.001255369046702981,-0.011051050154492259,0.0
81407,0,3,0.001255369046702981,0.05110638588666916,0.006450330372899771,-0.04985101683996618,-0.00519496132619679
81407,0,5,0.001255369046702981,0.6201967000961304,0.0417681448161602,-0.6189413310494274,-0.04051277576945722
81407,0,10,0.001255369046702981,0.7686313986778259,0.010939416475594044,-0.767376029631123,-0.009684047428891063
81814,0,1,0.001966166542842984,0.020712822675704956,0.0018218324985355139,-0.018746656132861972,0.00014433404430747032
81814,0,3,0.001966166542842984,0.23067571222782135,0.007663046009838581,-0.22870954568497837,-0.005696879466995597
81814,0,5,0.001966166542842984,0.3615416884422302,0.03442510962486267,-0.35957552189938724,-0.03245894308201969
81814,0,10,0.001966166542842984,0.5923541784286499,0.0940764993429184,-0.5903880118858069,-0.09211033280007541
81975,0,1,0.3030646741390228,0.3030646741390228,0.3691539168357849,0.0,-0.06608924269676208
81975,0,3,0.3030646741390228,0.7133744955062866,0.3790704607963562,-0.4103098213672638,-0.07600578665733337
81975,0,5,0.3030646741390228,0.867491602897644,0.27550196647644043,-0.5644269287586212,0.027562707662582397
81975,0,10,0.3030646741390228,0.8876287937164307,0.47640565037727356,-0.5845641195774078,-0.17334097623825073
82015,0,1,0.6935171484947205,0.9690123200416565,0.9690123200416565,-0.27549517154693604,-0.27549517154693604
82015,0,3,0.6935171484947205,0.7989152669906616,0.6935171484947205,-0.10539811849594116,0.0
82015,0,5,0.6935171484947205,0.932226836681366,0.9251511096954346,-0.2387096881866455,-0.2316339612007141
82015,0,10,0.6935171484947205,0.932226836681366,0.6935171484947205,-0.2387096881866455,0.0
